account_id,customer_id,account_balance,date_opened
ACC_0,CUST_0,182570.38466804067,2022-07-03
ACC_1,CUST_1,366058.1913274361,2023-04-15
ACC_2,CUST_2,432098.5347186878,2022-05-10
ACC_3,CUST_3,186043.1411165898,2023-02-05
ACC_4,CUST_4,419087.0626424508,2024-03-05
ACC_5,CUST_5,412923.152576364,2024-04-30
ACC_6,CUST_6,379416.69660288753,2023-09-12
ACC_7,CUST_7,86894.68074151331,2023-06-18
ACC_8,CUST_8,150524.63717185782,2022-09-10
ACC_9,CUST_9,44249.59249402375,2022-12-11
ACC_10,CUST_10,386026.95400509774,2023-05-08
ACC_11,CUST_11,448652.97187340126,2022-08-23
ACC_12,CUST_12,448224.86308550334,2023-04-12
ACC_13,CUST_13,255003.8354585297,2023-04-16
ACC_14,CUST_14,328953.0980387547,2022-12-21
ACC_15,CUST_15,333906.72044184944,2024-10-15
ACC_16,CUST_16,1521.1092083172048,2022-06-27
ACC_17,CUST_17,197121.5067717951,2023-11-29
ACC_18,CUST_18,232970.89565874456,2022-09-22
ACC_19,CUST_19,499230.96852833685,2023-10-05
ACC_20,CUST_20,114354.40312552874,2023-04-19
ACC_21,CUST_21,147674.3241754703,2022-06-10
ACC_22,CUST_22,98761.38120251098,2024-08-02
ACC_23,CUST_23,113046.10775598233,2022-05-02
ACC_24,CUST_24,246269.70101910166,2023-10-13
ACC_25,CUST_25,114685.67218719602,2022-06-16
ACC_26,CUST_26,256462.0720378564,2024-05-17
ACC_27,CUST_27,191978.64160503048,2024-05-21
ACC_28,CUST_28,68054.53680892696,2022-07-04
ACC_29,CUST_29,403097.54697669507,2022-08-06
ACC_30,CUST_30,365119.0379409264,2022-08-12
ACC_31,CUST_31,99035.12136493172,2024-10-29
ACC_32,CUST_32,401327.0447507561,2023-11-03
ACC_33,CUST_33,273277.1532143406,2023-10-24
ACC_34,CUST_34,259761.2933427179,2024-06-05
ACC_35,CUST_35,377769.4916718549,2022-04-28
ACC_36,CUST_36,286756.23647251446,2024-02-06
ACC_37,CUST_37,104116.625157806,2022-09-04
ACC_38,CUST_38,377363.04810318403,2024-10-10
ACC_39,CUST_39,415594.8599421001,2022-06-13
ACC_40,CUST_40,382697.49676396773,2023-01-14
ACC_41,CUST_41,47962.69923842827,2023-03-01
ACC_42,CUST_42,34672.88980142908,2022-05-18
ACC_43,CUST_43,336154.2155557582,2023-11-05
ACC_44,CUST_44,43263.799488343175,2024-10-25
ACC_45,CUST_45,68054.10907632497,2022-08-08
ACC_46,CUST_46,174087.93825865866,2024-07-30
ACC_47,CUST_47,380777.3875201613,2024-12-02
ACC_48,CUST_48,475044.7592219901,2022-09-22
ACC_49,CUST_49,331562.25390689005,2023-11-15
ACC_50,CUST_50,396025.52463107643,2024-06-13
ACC_51,CUST_51,481767.0227635234,2023-05-02
ACC_52,CUST_52,232102.05180118853,2024-04-27
ACC_53,CUST_53,483965.51419207477,2024-07-25
ACC_54,CUST_54,76219.55334888097,2024-06-25
ACC_55,CUST_55,421048.7111282374,2022-11-01
ACC_56,CUST_56,234751.51795264275,2024-02-25
ACC_57,CUST_57,93172.43343577291,2023-07-25
ACC_58,CUST_58,233465.21190281317,2022-06-10
ACC_59,CUST_59,254136.51272529265,2023-05-07
ACC_60,CUST_60,399785.5415355469,2022-08-28
ACC_61,CUST_61,336516.5558888286,2022-12-28
ACC_62,CUST_62,64430.950439630185,2023-06-22
ACC_63,CUST_63,430893.0768928225,2024-06-12
ACC_64,CUST_64,286103.99275834707,2023-11-04
ACC_65,CUST_65,144878.6145633784,2022-05-17
ACC_66,CUST_66,435263.25391359767,2024-04-21
ACC_67,CUST_67,435101.58950086386,2022-09-26
ACC_68,CUST_68,477040.9697325945,2024-04-13
ACC_69,CUST_69,437999.62334076385,2023-07-09
ACC_70,CUST_70,5160.32758492791,2023-10-18
ACC_71,CUST_71,196964.160412503,2024-12-31
ACC_72,CUST_72,32254.96186832789,2024-08-23
ACC_73,CUST_73,11310.336324058104,2023-01-10
ACC_74,CUST_74,256673.90617538578,2024-10-05
ACC_75,CUST_75,210830.86571795875,2024-08-27
ACC_76,CUST_76,38557.885348219985,2023-12-07
ACC_77,CUST_77,129987.09275075358,2023-10-05
ACC_78,CUST_78,23258.61970044133,2022-04-14
ACC_79,CUST_79,209477.97701048138,2023-10-12
ACC_80,CUST_80,126676.43914194359,2024-02-27
ACC_81,CUST_81,485224.4267545478,2023-12-15
ACC_82,CUST_82,23939.21958681409,2022-10-09
ACC_83,CUST_83,50776.77433141244,2022-07-23
ACC_84,CUST_84,131333.3458288898,2023-08-12
ACC_85,CUST_85,436379.5135817498,2022-06-05
ACC_86,CUST_86,326571.8778905642,2022-05-28
ACC_87,CUST_87,386246.62443242944,2024-10-25
ACC_88,CUST_88,440727.79186939535,2022-04-13
ACC_89,CUST_89,272243.0726282382,2023-08-17
ACC_90,CUST_90,328296.41387080564,2022-11-04
ACC_91,CUST_91,272093.3097094936,2022-05-25
ACC_92,CUST_92,160174.86748469833,2024-07-12
ACC_93,CUST_93,427516.8126435049,2024-01-30
ACC_94,CUST_94,197441.41109273108,2024-04-27
ACC_95,CUST_95,325189.910596924,2024-12-20
ACC_96,CUST_96,447400.0131608504,2023-08-21
ACC_97,CUST_97,478391.90053869196,2022-04-21
ACC_98,CUST_98,434303.3562270583,2022-04-28
ACC_99,CUST_99,165874.8537337822,2024-04-16
ACC_100,CUST_100,183753.55070603697,2022-08-27
ACC_101,CUST_101,285505.41044365405,2023-09-30
ACC_102,CUST_102,44300.891217887765,2024-02-20
ACC_103,CUST_103,225759.62401553753,2023-01-31
ACC_104,CUST_104,145301.46619018583,2024-06-01
ACC_105,CUST_105,307711.53251821786,2023-06-06
ACC_106,CUST_106,220528.53879303733,2022-04-19
ACC_107,CUST_107,497121.3382477472,2024-05-03
ACC_108,CUST_108,440274.6247219539,2024-03-01
ACC_109,CUST_109,399384.2140395017,2023-02-10
ACC_110,CUST_110,176494.5436027192,2023-02-24
ACC_111,CUST_111,481876.6626918131,2024-07-18
ACC_112,CUST_112,97617.21533778038,2024-05-07
ACC_113,CUST_113,105588.94642035,2024-08-20
ACC_114,CUST_114,98014.3915403996,2023-11-29
ACC_115,CUST_115,200233.8886766817,2022-10-29
ACC_116,CUST_116,145856.98794263095,2024-11-21
ACC_117,CUST_117,474755.38354399026,2024-05-25
ACC_118,CUST_118,177106.4884724742,2024-11-15
ACC_119,CUST_119,72564.52317779452,2022-04-09
ACC_120,CUST_120,148185.62107578618,2024-12-02
ACC_121,CUST_121,61717.00415710459,2023-02-12
ACC_122,CUST_122,176647.71979712546,2023-03-17
ACC_123,CUST_123,86073.7911934973,2022-12-25
ACC_124,CUST_124,404654.0350124173,2022-10-09
ACC_125,CUST_125,125436.18255029364,2024-02-22
ACC_126,CUST_126,113741.74045104902,2024-09-23
ACC_127,CUST_127,216305.9872784526,2024-06-01
ACC_128,CUST_128,98667.93415803213,2023-05-06
ACC_129,CUST_129,419492.63212615444,2022-04-20
ACC_130,CUST_130,196825.80802996183,2023-05-26
ACC_131,CUST_131,311000.98178771633,2022-04-19
ACC_132,CUST_132,161861.69140884254,2023-06-11
ACC_133,CUST_133,424378.8308878174,2024-03-30
ACC_134,CUST_134,97618.61331029699,2023-01-30
ACC_135,CUST_135,193022.209389673,2024-02-15
ACC_136,CUST_136,65164.91900247478,2024-09-21
ACC_137,CUST_137,290907.42166215123,2022-10-05
ACC_138,CUST_138,182662.22408718595,2024-09-02
ACC_139,CUST_139,437919.514246966,2022-11-09
ACC_140,CUST_140,489214.0282228495,2024-04-14
ACC_141,CUST_141,51935.37079565849,2023-05-08
ACC_142,CUST_142,365972.5394898467,2023-12-10
ACC_143,CUST_143,242222.57615736112,2022-04-28
ACC_144,CUST_144,393493.49102807883,2024-11-19
ACC_145,CUST_145,469509.1525839614,2024-06-22
ACC_146,CUST_146,291472.15197559004,2024-12-19
ACC_147,CUST_147,256410.03169193133,2024-12-07
ACC_148,CUST_148,206716.50212301177,2023-08-11
ACC_149,CUST_149,316342.0432122249,2024-04-26
ACC_150,CUST_150,121687.86268162003,2024-06-25
ACC_151,CUST_151,217117.32641587724,2022-06-07
ACC_152,CUST_152,270941.6687693587,2023-03-09
ACC_153,CUST_153,496625.71180965006,2023-11-29
ACC_154,CUST_154,59307.43646198639,2023-06-13
ACC_155,CUST_155,244810.8559723433,2022-12-19
ACC_156,CUST_156,333270.44185079983,2024-06-04
ACC_157,CUST_157,35021.70945957956,2023-01-25
ACC_158,CUST_158,142303.40863937256,2022-11-19
ACC_159,CUST_159,73253.86541440456,2023-07-23
ACC_160,CUST_160,41056.590642769734,2023-01-27
ACC_161,CUST_161,321092.79980238166,2022-10-22
ACC_162,CUST_162,457702.29421559,2024-10-15
ACC_163,CUST_163,495626.96597899584,2024-11-30
ACC_164,CUST_164,300558.4719968395,2022-09-22
ACC_165,CUST_165,37130.55516584957,2022-12-15
ACC_166,CUST_166,165902.3406213377,2024-07-11
ACC_167,CUST_167,159417.3884624787,2022-06-24
ACC_168,CUST_168,411743.30775522906,2024-04-18
ACC_169,CUST_169,59006.62781730947,2023-01-05
ACC_170,CUST_170,357034.917587068,2024-01-11
ACC_171,CUST_171,414488.5027942754,2023-01-05
ACC_172,CUST_172,32329.093186779435,2023-10-19
ACC_173,CUST_173,384906.53894335625,2024-05-21
ACC_174,CUST_174,257236.80216852043,2023-07-11
ACC_175,CUST_175,61068.85791811539,2023-08-23
ACC_176,CUST_176,337288.2362160524,2023-01-10
ACC_177,CUST_177,452479.4295384132,2024-07-20
ACC_178,CUST_178,213747.24046504596,2023-11-09
ACC_179,CUST_179,4073.3556300266155,2022-06-23
ACC_180,CUST_180,280509.7289192126,2023-03-11
ACC_181,CUST_181,250826.13090811227,2022-07-29
ACC_182,CUST_182,24611.850204730308,2022-07-13
ACC_183,CUST_183,399132.11630844773,2023-12-13
ACC_184,CUST_184,318214.1560391642,2023-03-31
ACC_185,CUST_185,364118.5798848916,2023-06-02
ACC_186,CUST_186,198968.77708778408,2023-08-11
ACC_187,CUST_187,213879.59217162058,2022-10-24
ACC_188,CUST_188,277221.95746088773,2024-02-07
ACC_189,CUST_189,432333.9236247481,2023-08-16
ACC_190,CUST_190,385835.32936298265,2024-10-31
ACC_191,CUST_191,268477.7411462943,2024-10-25
ACC_192,CUST_192,265807.93925503816,2023-01-31
ACC_193,CUST_193,322510.3086706992,2022-06-01
ACC_194,CUST_194,416705.9582996902,2023-04-04
ACC_195,CUST_195,43831.47154819988,2024-01-25
ACC_196,CUST_196,158003.23664756914,2022-09-10
ACC_197,CUST_197,498597.1172384682,2022-07-12
ACC_198,CUST_198,19431.928057726345,2024-10-29
ACC_199,CUST_199,223856.19801496586,2023-07-12
ACC_200,CUST_200,112641.46881844578,2024-05-02
ACC_201,CUST_201,444691.191472142,2023-07-18
ACC_202,CUST_202,72573.89650844353,2023-07-04
ACC_203,CUST_203,124472.97353987127,2024-01-02
ACC_204,CUST_204,248697.54521494804,2024-02-06
ACC_205,CUST_205,494302.4236630725,2024-08-07
ACC_206,CUST_206,422509.1828942987,2023-09-13
ACC_207,CUST_207,326907.8604546592,2024-01-12
ACC_208,CUST_208,331056.43401608703,2024-04-16
ACC_209,CUST_209,194312.17086978353,2024-09-24
ACC_210,CUST_210,298059.5784950199,2023-02-05
ACC_211,CUST_211,383050.5821559308,2024-07-19
ACC_212,CUST_212,23755.397978221838,2022-07-08
ACC_213,CUST_213,124287.07045222861,2024-08-15
ACC_214,CUST_214,171416.57454588232,2023-07-11
ACC_215,CUST_215,462648.13027504954,2022-06-19
ACC_216,CUST_216,461607.0018705528,2023-06-23
ACC_217,CUST_217,431226.4331405119,2023-08-18
ACC_218,CUST_218,140626.7062177702,2024-03-10
ACC_219,CUST_219,454429.11788258294,2023-02-17
ACC_220,CUST_220,106000.4503926908,2023-03-27
ACC_221,CUST_221,68853.95699354012,2023-12-14
ACC_222,CUST_222,345553.62664312014,2024-06-20
ACC_223,CUST_223,256827.89905386543,2022-04-17
ACC_224,CUST_224,55123.22998749661,2022-08-11
ACC_225,CUST_225,243356.4605583307,2024-03-08
ACC_226,CUST_226,195834.00716499175,2023-07-09
ACC_227,CUST_227,397142.87641554215,2024-12-06
ACC_228,CUST_228,68923.70117298132,2022-12-22
ACC_229,CUST_229,80134.29623404783,2024-08-02
ACC_230,CUST_230,406483.62054277514,2022-06-22
ACC_231,CUST_231,49284.353697896455,2024-11-14
ACC_232,CUST_232,148373.398107801,2022-08-28
ACC_233,CUST_233,422210.43845616595,2023-08-26
ACC_234,CUST_234,405449.5377836695,2024-12-09
ACC_235,CUST_235,214605.32206154556,2023-08-28
ACC_236,CUST_236,188190.09103941682,2022-07-15
ACC_237,CUST_237,209707.5251346967,2023-01-30
ACC_238,CUST_238,192679.1880702317,2023-06-05
ACC_239,CUST_239,227998.7726700329,2023-06-18
ACC_240,CUST_240,190760.89565083358,2022-09-09
ACC_241,CUST_241,109109.14819290249,2024-10-21
ACC_242,CUST_242,185312.5196850223,2023-06-27
ACC_243,CUST_243,21054.1039445517,2023-07-04
ACC_244,CUST_244,219731.18085872603,2023-10-24
ACC_245,CUST_245,7753.305916061479,2022-06-13
ACC_246,CUST_246,346928.8634345118,2024-04-03
ACC_247,CUST_247,111634.20095794556,2024-07-21
ACC_248,CUST_248,434098.2103186771,2022-12-30
ACC_249,CUST_249,58823.4708044633,2023-09-14
ACC_250,CUST_250,438150.16813181405,2022-08-03
ACC_251,CUST_251,448240.6585689857,2022-04-19
ACC_252,CUST_252,384648.6270649316,2023-08-15
ACC_253,CUST_253,392773.9846100472,2023-05-29
ACC_254,CUST_254,29873.50828084229,2023-05-03
ACC_255,CUST_255,488769.75599291705,2024-07-14
ACC_256,CUST_256,167339.10678546867,2024-02-10
ACC_257,CUST_257,350513.46633632126,2023-06-10
ACC_258,CUST_258,33999.62235047245,2022-12-22
ACC_259,CUST_259,419770.5319658796,2023-12-28
ACC_260,CUST_260,278872.6138421441,2023-03-18
ACC_261,CUST_261,332715.9616576225,2024-04-28
ACC_262,CUST_262,373336.9601475554,2022-07-19
ACC_263,CUST_263,466696.93180383067,2024-11-17
ACC_264,CUST_264,380504.83580558357,2022-08-23
ACC_265,CUST_265,259580.89434428813,2023-12-17
ACC_266,CUST_266,148868.5272679991,2022-05-17
ACC_267,CUST_267,317632.3305055536,2023-07-01
ACC_268,CUST_268,226274.02521509657,2024-06-07
ACC_269,CUST_269,284737.3053932127,2024-05-11
ACC_270,CUST_270,295740.517911116,2022-07-18
ACC_271,CUST_271,94515.23317185736,2024-03-07
ACC_272,CUST_272,417310.8012897048,2022-10-30
ACC_273,CUST_273,152281.2348618555,2024-01-24
ACC_274,CUST_274,17972.026534307155,2022-08-01
ACC_275,CUST_275,153298.7673753243,2022-07-31
ACC_276,CUST_276,197271.37637319588,2023-11-19
ACC_277,CUST_277,71302.03894256755,2024-04-25
ACC_278,CUST_278,334732.5747253649,2024-06-12
ACC_279,CUST_279,100406.67878288029,2023-09-15
ACC_280,CUST_280,70256.75384800299,2023-04-19
ACC_281,CUST_281,79399.61838138591,2023-04-18
ACC_282,CUST_282,348929.993517881,2023-04-11
ACC_283,CUST_283,486468.6334989592,2024-12-16
ACC_284,CUST_284,141180.05258354676,2023-05-18
ACC_285,CUST_285,114709.43977073274,2024-03-15
ACC_286,CUST_286,200521.5417887873,2024-02-29
ACC_287,CUST_287,389842.12193688704,2022-10-29
ACC_288,CUST_288,238074.71023488793,2022-05-04
ACC_289,CUST_289,150919.36453659314,2022-09-20
ACC_290,CUST_290,205837.87780103585,2023-11-04
ACC_291,CUST_291,85371.89732711861,2023-01-21
ACC_292,CUST_292,414504.25770265737,2022-09-30
ACC_293,CUST_293,188778.82833831818,2023-01-20
ACC_294,CUST_294,219709.35781230804,2024-07-14
ACC_295,CUST_295,493746.49702198996,2023-10-23
ACC_296,CUST_296,498829.45942556177,2022-06-08
ACC_297,CUST_297,272811.02891906287,2024-08-08
ACC_298,CUST_298,106050.7584130251,2024-05-13
ACC_299,CUST_299,385459.0644538232,2023-10-21
ACC_300,CUST_300,110466.17443088652,2022-06-20
ACC_301,CUST_301,87223.46896001445,2022-12-20
ACC_302,CUST_302,454015.98297165695,2024-06-01
ACC_303,CUST_303,386518.0340610616,2022-07-02
ACC_304,CUST_304,104342.27306401465,2024-03-07
ACC_305,CUST_305,370768.0404008288,2022-07-15
ACC_306,CUST_306,436140.509577672,2023-08-16
ACC_307,CUST_307,303798.3424164504,2023-03-21
ACC_308,CUST_308,184883.31984145867,2022-07-11
ACC_309,CUST_309,151219.98593855207,2024-08-21
ACC_310,CUST_310,313794.84862708667,2024-02-22
ACC_311,CUST_311,142367.44965162652,2024-01-20
ACC_312,CUST_312,69627.86074089301,2022-10-26
ACC_313,CUST_313,165627.64502932972,2023-04-01
ACC_314,CUST_314,133475.10809909436,2023-01-13
ACC_315,CUST_315,48629.52030372088,2024-07-10
ACC_316,CUST_316,54911.92748025896,2022-10-20
ACC_317,CUST_317,55905.46448527352,2022-12-22
ACC_318,CUST_318,259730.05493552668,2024-02-16
ACC_319,CUST_319,482475.94142406934,2022-05-02
ACC_320,CUST_320,49187.222988058515,2023-05-12
ACC_321,CUST_321,201216.8369181774,2024-05-12
ACC_322,CUST_322,492014.76338902896,2023-03-10
ACC_323,CUST_323,120420.13205620424,2024-09-09
ACC_324,CUST_324,487503.1082552541,2023-07-31
ACC_325,CUST_325,387469.8578761081,2023-06-28
ACC_326,CUST_326,15143.93330606031,2022-09-17
ACC_327,CUST_327,486975.6869760683,2023-10-01
ACC_328,CUST_328,449772.25666981307,2022-11-29
ACC_329,CUST_329,38064.14506761331,2023-05-19
ACC_330,CUST_330,49065.32881346616,2024-12-13
ACC_331,CUST_331,365184.6367305152,2024-09-27
ACC_332,CUST_332,106448.79379164851,2024-08-14
ACC_333,CUST_333,496453.23687190143,2023-08-23
ACC_334,CUST_334,385040.93406178243,2022-07-07
ACC_335,CUST_335,66037.3381298478,2023-02-01
ACC_336,CUST_336,434219.47620568395,2022-09-08
ACC_337,CUST_337,315961.6186538563,2023-02-09
ACC_338,CUST_338,20488.95884095416,2022-10-16
ACC_339,CUST_339,242891.649411362,2022-06-04
ACC_340,CUST_340,294593.0066508379,2024-08-02
ACC_341,CUST_341,196982.4200551351,2023-08-07
ACC_342,CUST_342,449182.2320793424,2024-09-07
ACC_343,CUST_343,492716.1258630591,2024-04-27
ACC_344,CUST_344,409998.1943292843,2022-06-22
ACC_345,CUST_345,326556.3847640394,2023-03-25
ACC_346,CUST_346,77621.36391719228,2023-02-23
ACC_347,CUST_347,152205.37781333394,2024-04-28
ACC_348,CUST_348,111286.76097739543,2023-09-25
ACC_349,CUST_349,56166.80115016171,2022-08-16
ACC_350,CUST_350,139026.1904276265,2022-11-30
ACC_351,CUST_351,490022.82233319664,2023-11-08
ACC_352,CUST_352,443869.82087737834,2022-04-30
ACC_353,CUST_353,264563.75871273293,2023-04-01
ACC_354,CUST_354,491236.124996116,2022-06-29
ACC_355,CUST_355,310676.5205322803,2024-09-26
ACC_356,CUST_356,436685.1596835081,2023-03-02
ACC_357,CUST_357,394492.6334354225,2023-05-06
ACC_358,CUST_358,486872.04851125303,2022-09-04
ACC_359,CUST_359,302289.25902587455,2023-08-31
ACC_360,CUST_360,293645.6586011088,2022-04-23
ACC_361,CUST_361,267239.152819476,2022-10-10
ACC_362,CUST_362,413394.6696756639,2023-09-29
ACC_363,CUST_363,276971.989668171,2023-06-04
ACC_364,CUST_364,235017.42162060164,2022-05-21
ACC_365,CUST_365,433153.1436443592,2024-03-02
ACC_366,CUST_366,364132.3767927131,2023-11-05
ACC_367,CUST_367,109989.10572287523,2023-03-03
ACC_368,CUST_368,139820.72181010622,2022-09-22
ACC_369,CUST_369,203171.85966607268,2022-10-02
ACC_370,CUST_370,350852.4662197812,2023-09-18
ACC_371,CUST_371,175870.1537607264,2023-03-13
ACC_372,CUST_372,189982.71026123446,2024-06-09
ACC_373,CUST_373,474386.54535830795,2022-11-01
ACC_374,CUST_374,431590.8175566087,2024-12-21
ACC_375,CUST_375,474878.89265046996,2022-06-05
ACC_376,CUST_376,329903.85092625336,2024-10-12
ACC_377,CUST_377,135498.70862006428,2023-06-18
ACC_378,CUST_378,187059.83806169694,2023-11-01
ACC_379,CUST_379,109186.56600071474,2024-04-09
ACC_380,CUST_380,96789.75922674919,2024-07-10
ACC_381,CUST_381,48295.53277006706,2024-10-06
ACC_382,CUST_382,157538.9161201955,2023-02-26
ACC_383,CUST_383,460788.4809405795,2023-03-29
ACC_384,CUST_384,135037.34929278848,2023-12-11
ACC_385,CUST_385,188849.70008132135,2024-07-23
ACC_386,CUST_386,358954.2382818205,2023-10-04
ACC_387,CUST_387,72491.25686605272,2024-04-04
ACC_388,CUST_388,242109.26838917265,2022-04-11
ACC_389,CUST_389,122619.27956467398,2024-05-21
ACC_390,CUST_390,415919.73279748845,2022-10-22
ACC_391,CUST_391,354777.2189124431,2023-12-16
ACC_392,CUST_392,159515.33006693615,2023-10-23
ACC_393,CUST_393,484008.03972262505,2023-10-22
ACC_394,CUST_394,407224.1907390691,2024-08-09
ACC_395,CUST_395,63213.26775522985,2024-06-28
ACC_396,CUST_396,358489.86887188,2022-12-22
ACC_397,CUST_397,460040.6176722366,2022-04-17
ACC_398,CUST_398,123475.40311721683,2024-02-11
ACC_399,CUST_399,54742.19737011333,2024-09-15
ACC_400,CUST_400,442638.6201789549,2023-07-25
ACC_401,CUST_401,482518.99870472314,2023-02-14
ACC_402,CUST_402,262273.0910756081,2024-11-18
ACC_403,CUST_403,478692.1318538306,2023-01-28
ACC_404,CUST_404,233795.42854370075,2024-06-29
ACC_405,CUST_405,66726.08590559005,2023-07-02
ACC_406,CUST_406,383660.3462802949,2024-07-09
ACC_407,CUST_407,155691.43338657854,2024-05-12
ACC_408,CUST_408,148671.9153841791,2024-05-01
ACC_409,CUST_409,252984.94722348402,2024-01-25
ACC_410,CUST_410,58087.667876223364,2024-03-30
ACC_411,CUST_411,110559.8719324362,2024-07-07
ACC_412,CUST_412,254358.97879239224,2024-12-26
ACC_413,CUST_413,313100.60853592266,2022-04-13
ACC_414,CUST_414,385097.84896141046,2023-07-27
ACC_415,CUST_415,426850.80954073207,2023-07-15
ACC_416,CUST_416,7947.380577609685,2022-08-01
ACC_417,CUST_417,194845.40174349066,2022-10-27
ACC_418,CUST_418,406437.63457982236,2023-03-28
ACC_419,CUST_419,4401.588131347333,2023-09-25
ACC_420,CUST_420,8240.434645177364,2023-05-10
ACC_421,CUST_421,191406.59841829416,2024-06-20
ACC_422,CUST_422,334484.00088470406,2022-05-25
ACC_423,CUST_423,112867.30174695663,2024-04-30
ACC_424,CUST_424,316040.618758849,2023-10-14
ACC_425,CUST_425,410220.92432871304,2022-12-07
ACC_426,CUST_426,233556.94873681766,2024-04-09
ACC_427,CUST_427,350170.48129628494,2024-04-19
ACC_428,CUST_428,232409.12853582783,2023-11-08
ACC_429,CUST_429,109382.69284319336,2023-07-28
ACC_430,CUST_430,476579.2667585512,2024-05-25
ACC_431,CUST_431,16884.514328564306,2023-07-31
ACC_432,CUST_432,39782.75711023526,2023-02-22
ACC_433,CUST_433,203898.60599793753,2022-05-29
ACC_434,CUST_434,466274.8659839336,2023-04-05
ACC_435,CUST_435,205889.58211557937,2024-06-30
ACC_436,CUST_436,45473.127657948564,2024-01-06
ACC_437,CUST_437,325915.0973004809,2024-08-25
ACC_438,CUST_438,419221.12404564454,2022-08-26
ACC_439,CUST_439,497253.4646611599,2022-08-07
ACC_440,CUST_440,318277.1085156078,2022-07-11
ACC_441,CUST_441,374135.399626388,2023-06-09
ACC_442,CUST_442,90548.91347535327,2024-09-21
ACC_443,CUST_443,310024.39152966585,2023-08-24
ACC_444,CUST_444,334900.96660697006,2023-06-10
ACC_445,CUST_445,487482.80881315266,2023-02-09
ACC_446,CUST_446,367675.5311904361,2023-12-18
ACC_447,CUST_447,87591.81459338721,2022-09-25
ACC_448,CUST_448,242411.72716678257,2022-09-21
ACC_449,CUST_449,235197.1325432992,2022-09-21
ACC_450,CUST_450,261444.23012535583,2023-02-09
ACC_451,CUST_451,496972.78370837186,2023-07-20
ACC_452,CUST_452,231865.36775274438,2022-11-18
ACC_453,CUST_453,256033.84139801766,2024-01-06
ACC_454,CUST_454,454391.5636728867,2023-08-19
ACC_455,CUST_455,179592.5151685808,2023-11-28
ACC_456,CUST_456,170305.98659636203,2022-08-24
ACC_457,CUST_457,377811.4225578985,2022-12-31
ACC_458,CUST_458,375848.02705071215,2023-04-21
ACC_459,CUST_459,299928.7767325256,2023-06-02
ACC_460,CUST_460,90420.60493344374,2022-11-08
ACC_461,CUST_461,486540.2384861871,2024-06-16
ACC_462,CUST_462,263048.3881498336,2022-06-10
ACC_463,CUST_463,105899.36772580643,2022-12-02
ACC_464,CUST_464,211071.37147991583,2022-04-12
ACC_465,CUST_465,387687.9326027612,2023-07-14
ACC_466,CUST_466,437829.7987633929,2024-07-19
ACC_467,CUST_467,103727.05462526993,2022-10-30
ACC_468,CUST_468,84097.11620730186,2023-09-17
ACC_469,CUST_469,218393.63035857686,2024-08-30
ACC_470,CUST_470,298003.6488051051,2022-12-05
ACC_471,CUST_471,423273.21680794744,2024-11-28
ACC_472,CUST_472,303955.98043668165,2023-06-22
ACC_473,CUST_473,148920.3362876831,2023-04-17
ACC_474,CUST_474,366250.0464886535,2024-12-21
ACC_475,CUST_475,131898.12999272547,2024-11-14
ACC_476,CUST_476,125913.89017485401,2022-09-21
ACC_477,CUST_477,185973.39244964885,2023-08-11
ACC_478,CUST_478,381118.54550493066,2024-09-25
ACC_479,CUST_479,481482.3471231561,2023-11-13
ACC_480,CUST_480,164205.53214699755,2023-07-31
ACC_481,CUST_481,230967.8358969657,2022-09-11
ACC_482,CUST_482,393987.1257930923,2023-04-15
ACC_483,CUST_483,334258.17803804635,2022-06-02
ACC_484,CUST_484,201890.62663102825,2023-12-23
ACC_485,CUST_485,303175.8621209095,2024-08-11
ACC_486,CUST_486,148643.63873812457,2022-06-20
ACC_487,CUST_487,143329.37493103414,2023-02-17
ACC_488,CUST_488,488986.63427903625,2024-07-17
ACC_489,CUST_489,488311.10412927956,2022-09-02
ACC_490,CUST_490,211800.05113418208,2023-08-15
ACC_491,CUST_491,301745.0287053385,2024-08-04
ACC_492,CUST_492,222658.0490582541,2024-01-26
ACC_493,CUST_493,116733.17196732954,2024-05-16
ACC_494,CUST_494,29748.527928137268,2024-10-22
ACC_495,CUST_495,420742.1318893653,2023-01-05
ACC_496,CUST_496,445415.41118622676,2023-08-31
ACC_497,CUST_497,444627.23164879734,2023-07-03
ACC_498,CUST_498,201580.6967681602,2023-07-13
ACC_499,CUST_499,417266.0690007895,2023-01-11
ACC_500,CUST_500,236616.8174053508,2024-03-11
ACC_501,CUST_501,68494.62403895623,2024-02-25
ACC_502,CUST_502,455557.93858939724,2023-06-18
ACC_503,CUST_503,250265.63106895206,2023-02-05
ACC_504,CUST_504,175685.22484722052,2024-11-18
ACC_505,CUST_505,236995.1920024574,2023-10-10
ACC_506,CUST_506,346195.2167497081,2024-03-02
ACC_507,CUST_507,219632.605429006,2023-05-07
ACC_508,CUST_508,63343.24224185724,2024-11-13
ACC_509,CUST_509,28425.2582596305,2024-09-13
ACC_510,CUST_510,498131.7630592395,2023-05-05
ACC_511,CUST_511,223900.03157132491,2022-06-06
ACC_512,CUST_512,115633.25298990258,2022-04-24
ACC_513,CUST_513,406285.69995942025,2023-07-06
ACC_514,CUST_514,475806.3036600656,2024-11-20
ACC_515,CUST_515,341603.59202946024,2024-05-05
ACC_516,CUST_516,35939.388257023566,2023-12-17
ACC_517,CUST_517,137606.68944134307,2024-05-03
ACC_518,CUST_518,68593.63103152359,2022-07-29
ACC_519,CUST_519,482270.71879710065,2024-02-08
ACC_520,CUST_520,197311.2865670982,2022-07-13
ACC_521,CUST_521,141129.3097592212,2024-08-25
ACC_522,CUST_522,179814.21176496614,2024-09-08
ACC_523,CUST_523,199323.5753223478,2024-03-29
ACC_524,CUST_524,192373.54448176682,2023-01-28
ACC_525,CUST_525,382592.66954799363,2022-12-10
ACC_526,CUST_526,350329.81492425746,2023-09-27
ACC_527,CUST_527,426013.4463202337,2023-12-14
ACC_528,CUST_528,418081.2842480066,2023-09-05
ACC_529,CUST_529,362335.41802139836,2023-01-24
ACC_530,CUST_530,179355.86870462075,2024-08-05
ACC_531,CUST_531,58250.20939188373,2023-08-27
ACC_532,CUST_532,80322.69666383686,2024-07-21
ACC_533,CUST_533,41587.81823304928,2024-12-20
ACC_534,CUST_534,292642.2099435726,2024-05-16
ACC_535,CUST_535,59034.423290616774,2023-08-29
ACC_536,CUST_536,315674.73737391335,2023-07-31
ACC_537,CUST_537,270936.4343627198,2022-11-18
ACC_538,CUST_538,491980.5906146926,2024-08-18
ACC_539,CUST_539,495218.2594682352,2023-11-12
ACC_540,CUST_540,490514.82084408135,2023-09-24
ACC_541,CUST_541,255511.06239473424,2024-01-12
ACC_542,CUST_542,297923.1055499083,2023-07-21
ACC_543,CUST_543,158167.93832874615,2024-01-05
ACC_544,CUST_544,75092.13260643215,2022-08-15
ACC_545,CUST_545,339527.62503336347,2023-10-17
ACC_546,CUST_546,155909.00527725136,2022-06-09
ACC_547,CUST_547,186532.60058454846,2022-06-13
ACC_548,CUST_548,395985.93940604187,2023-04-15
ACC_549,CUST_549,138182.3474442048,2024-04-12
ACC_550,CUST_550,177425.96299094128,2022-09-11
ACC_551,CUST_551,196224.04647077664,2022-09-22
ACC_552,CUST_552,190328.85450918842,2022-08-06
ACC_553,CUST_553,480487.0240828,2024-03-31
ACC_554,CUST_554,239691.72782140048,2023-11-05
ACC_555,CUST_555,54358.431320684766,2023-10-20
ACC_556,CUST_556,48413.58354411443,2024-06-30
ACC_557,CUST_557,299148.33791338117,2024-05-17
ACC_558,CUST_558,259854.85088358072,2022-10-18
ACC_559,CUST_559,25148.516255931987,2024-05-25
ACC_560,CUST_560,23503.50283094527,2023-05-06
ACC_561,CUST_561,358179.3979784518,2024-05-03
ACC_562,CUST_562,45532.122226750806,2024-08-23
ACC_563,CUST_563,367389.2841813512,2023-08-28
ACC_564,CUST_564,289805.079387918,2022-11-18
ACC_565,CUST_565,454679.3447849328,2022-07-30
ACC_566,CUST_566,189054.2542716748,2022-07-01
ACC_567,CUST_567,141126.3217244027,2023-11-29
ACC_568,CUST_568,182435.26538608258,2023-10-17
ACC_569,CUST_569,398354.9982562377,2022-09-10
ACC_570,CUST_570,377235.40022422624,2023-09-19
ACC_571,CUST_571,236538.43756400142,2023-07-07
ACC_572,CUST_572,121559.31999694837,2022-09-05
ACC_573,CUST_573,336135.4925987938,2022-07-31
ACC_574,CUST_574,265663.5784416722,2024-11-01
ACC_575,CUST_575,421546.95672682096,2024-02-13
ACC_576,CUST_576,11582.58093219702,2023-12-24
ACC_577,CUST_577,414030.41940582293,2022-09-08
ACC_578,CUST_578,388167.0954140562,2024-02-19
ACC_579,CUST_579,71130.64067431758,2024-06-15
ACC_580,CUST_580,44305.04588922169,2023-04-29
ACC_581,CUST_581,82216.25090120567,2023-09-26
ACC_582,CUST_582,440133.4407637455,2023-05-19
ACC_583,CUST_583,209158.1353575499,2022-04-18
ACC_584,CUST_584,179301.38544607017,2022-04-19
ACC_585,CUST_585,484467.51677989704,2023-04-19
ACC_586,CUST_586,391120.40900713985,2024-02-04
ACC_587,CUST_587,317008.4703191196,2024-02-27
ACC_588,CUST_588,39914.7352531623,2024-05-24
ACC_589,CUST_589,290235.2623359666,2024-01-31
ACC_590,CUST_590,109782.76746991136,2024-11-05
ACC_591,CUST_591,315517.15671329707,2023-11-06
ACC_592,CUST_592,430482.7295301708,2023-06-17
ACC_593,CUST_593,139001.6996719941,2023-05-07
ACC_594,CUST_594,358784.2575959902,2024-10-20
ACC_595,CUST_595,194366.01009983136,2022-05-22
ACC_596,CUST_596,70620.48438437944,2024-05-19
ACC_597,CUST_597,455331.7429471583,2024-12-25
ACC_598,CUST_598,247316.44435771194,2022-05-20
ACC_599,CUST_599,208410.65845025107,2023-12-15
ACC_600,CUST_600,484889.65430492477,2023-12-21
ACC_601,CUST_601,326721.32444276015,2024-11-04
ACC_602,CUST_602,369097.6382778293,2024-09-07
ACC_603,CUST_603,331644.3137501875,2023-05-15
ACC_604,CUST_604,415794.8166784726,2023-02-06
ACC_605,CUST_605,464870.888837637,2023-09-15
ACC_606,CUST_606,46829.314519620384,2024-04-03
ACC_607,CUST_607,304051.0998176301,2022-05-12
ACC_608,CUST_608,3894.4641708286244,2024-08-27
ACC_609,CUST_609,207235.41701769843,2023-08-07
ACC_610,CUST_610,27516.77226253647,2022-12-04
ACC_611,CUST_611,416034.47567973257,2022-05-21
ACC_612,CUST_612,342700.6422268526,2023-03-06
ACC_613,CUST_613,233200.81406622793,2024-07-01
ACC_614,CUST_614,432243.16059286665,2023-09-14
ACC_615,CUST_615,332275.21823031676,2024-09-22
ACC_616,CUST_616,338450.93852285814,2023-04-16
ACC_617,CUST_617,143827.62050565047,2022-09-11
ACC_618,CUST_618,359944.83005561784,2024-11-12
ACC_619,CUST_619,473832.9536554242,2023-07-02
ACC_620,CUST_620,161479.65901350544,2024-03-30
ACC_621,CUST_621,263086.14542261243,2024-05-07
ACC_622,CUST_622,411608.5569295495,2023-08-26
ACC_623,CUST_623,139194.492082406,2023-09-23
ACC_624,CUST_624,143618.34440900633,2023-07-08
ACC_625,CUST_625,292194.34448321164,2023-07-04
ACC_626,CUST_626,203477.23272808045,2022-09-06
ACC_627,CUST_627,342188.97757127724,2022-11-20
ACC_628,CUST_628,422401.1372328081,2024-08-29
ACC_629,CUST_629,409634.94798520865,2022-10-17
ACC_630,CUST_630,151082.2674607641,2022-08-14
ACC_631,CUST_631,186793.52452254388,2022-12-10
ACC_632,CUST_632,121365.18627800258,2024-10-03
ACC_633,CUST_633,316244.39884680026,2022-05-23
ACC_634,CUST_634,3634.6145472143007,2023-06-08
ACC_635,CUST_635,70000.35445921701,2023-04-13
ACC_636,CUST_636,467291.4098649492,2023-06-17
ACC_637,CUST_637,286378.25518820866,2022-10-13
ACC_638,CUST_638,197313.5899834617,2024-06-28
ACC_639,CUST_639,73796.74711434999,2023-09-14
ACC_640,CUST_640,90631.09657712391,2022-07-10
ACC_641,CUST_641,153140.7019007419,2023-04-30
ACC_642,CUST_642,359969.3734350193,2022-06-23
ACC_643,CUST_643,355800.43352748704,2022-12-22
ACC_644,CUST_644,399907.5753087936,2024-11-10
ACC_645,CUST_645,115533.37741966786,2023-10-25
ACC_646,CUST_646,297115.1430032715,2022-05-06
ACC_647,CUST_647,331347.22211167443,2023-06-30
ACC_648,CUST_648,354510.16679154197,2024-12-24
ACC_649,CUST_649,470560.29892576084,2022-06-27
ACC_650,CUST_650,183479.2699012455,2024-04-06
ACC_651,CUST_651,199154.73571479612,2024-08-06
ACC_652,CUST_652,110912.20275889967,2022-06-22
ACC_653,CUST_653,350092.6849504569,2023-10-28
ACC_654,CUST_654,230419.97902877943,2024-04-28
ACC_655,CUST_655,29803.43336649028,2024-03-18
ACC_656,CUST_656,226756.77032687218,2024-04-18
ACC_657,CUST_657,186734.68152726768,2024-09-14
ACC_658,CUST_658,425213.6069151273,2024-02-12
ACC_659,CUST_659,296903.0658365953,2023-12-09
ACC_660,CUST_660,429689.86697569257,2022-07-29
ACC_661,CUST_661,287858.8943494442,2022-04-20
ACC_662,CUST_662,232267.82805978073,2022-04-07
ACC_663,CUST_663,75039.86672900373,2023-01-03
ACC_664,CUST_664,127423.34587613551,2023-11-29
ACC_665,CUST_665,339559.81005018344,2022-12-22
ACC_666,CUST_666,112145.0407818195,2023-05-12
ACC_667,CUST_667,28958.377797318255,2023-11-20
ACC_668,CUST_668,149343.02540434286,2023-12-13
ACC_669,CUST_669,379702.4154681615,2023-12-29
ACC_670,CUST_670,172225.04519180965,2024-01-11
ACC_671,CUST_671,260089.83894922386,2024-11-14
ACC_672,CUST_672,106489.41595199886,2023-07-24
ACC_673,CUST_673,62367.36890553875,2023-04-28
ACC_674,CUST_674,289569.90184409043,2022-10-11
ACC_675,CUST_675,191916.88766808718,2024-06-07
ACC_676,CUST_676,485289.52009001415,2024-06-27
ACC_677,CUST_677,319076.04267914285,2022-11-17
ACC_678,CUST_678,265191.717746371,2024-05-06
ACC_679,CUST_679,137776.62599169885,2024-02-19
ACC_680,CUST_680,378505.1013205458,2023-02-28
ACC_681,CUST_681,266451.0238778733,2022-10-17
ACC_682,CUST_682,223531.2336797041,2024-08-29
ACC_683,CUST_683,317954.42019838345,2023-02-17
ACC_684,CUST_684,320053.55418117397,2024-12-26
ACC_685,CUST_685,9977.385832168431,2024-07-28
ACC_686,CUST_686,395200.99597976805,2024-11-21
ACC_687,CUST_687,94781.66456407931,2023-08-02
ACC_688,CUST_688,459725.7997131367,2023-02-05
ACC_689,CUST_689,302172.4328057053,2024-12-14
ACC_690,CUST_690,96687.05379689872,2024-09-30
ACC_691,CUST_691,236269.39995952926,2023-07-19
ACC_692,CUST_692,163262.76074438117,2024-10-20
ACC_693,CUST_693,299321.61295616254,2022-08-06
ACC_694,CUST_694,36171.59484836285,2024-10-19
ACC_695,CUST_695,367303.46666689037,2024-09-08
ACC_696,CUST_696,372379.2721217273,2022-08-12
ACC_697,CUST_697,207740.38559040448,2023-07-08
ACC_698,CUST_698,208585.70849792063,2022-08-01
ACC_699,CUST_699,498057.9014602697,2024-07-02
ACC_700,CUST_700,453334.278308504,2024-10-19
ACC_701,CUST_701,390108.0545408328,2023-11-08
ACC_702,CUST_702,13615.786653757845,2022-12-19
ACC_703,CUST_703,466959.2103289711,2024-12-27
ACC_704,CUST_704,171864.6580519658,2024-06-24
ACC_705,CUST_705,98979.69964705211,2024-10-01
ACC_706,CUST_706,350354.6703732468,2023-07-02
ACC_707,CUST_707,428156.4222083851,2024-12-14
ACC_708,CUST_708,326702.6232919493,2023-02-25
ACC_709,CUST_709,354291.5232542956,2023-09-27
ACC_710,CUST_710,168993.68223928488,2022-05-03
ACC_711,CUST_711,482928.90773393784,2023-08-09
ACC_712,CUST_712,16652.626651151488,2022-11-01
ACC_713,CUST_713,427006.00986942917,2024-07-14
ACC_714,CUST_714,496388.0155707279,2023-02-03
ACC_715,CUST_715,381393.2408832688,2022-06-02
ACC_716,CUST_716,327410.73707734427,2023-09-28
ACC_717,CUST_717,68542.97583043358,2022-05-24
ACC_718,CUST_718,379969.9092917871,2024-08-09
ACC_719,CUST_719,274260.91538117226,2024-08-21
ACC_720,CUST_720,122164.21107281117,2024-03-21
ACC_721,CUST_721,222531.81058764778,2024-02-28
ACC_722,CUST_722,131576.44778660586,2024-03-09
ACC_723,CUST_723,490517.18558600487,2022-08-05
ACC_724,CUST_724,283543.20084657776,2024-10-21
ACC_725,CUST_725,73454.2517387815,2022-09-08
ACC_726,CUST_726,39945.578357438484,2024-03-25
ACC_727,CUST_727,308515.2239964075,2023-10-21
ACC_728,CUST_728,356823.62069113913,2023-01-31
ACC_729,CUST_729,55880.30487241665,2024-11-22
ACC_730,CUST_730,470285.3169565527,2023-01-10
ACC_731,CUST_731,233335.90533193274,2022-06-26
ACC_732,CUST_732,403205.8553188441,2023-01-02
ACC_733,CUST_733,141447.13590866854,2022-08-21
ACC_734,CUST_734,112931.23900570333,2024-10-26
ACC_735,CUST_735,400210.6975842751,2024-01-24
ACC_736,CUST_736,440260.43713881355,2023-09-17
ACC_737,CUST_737,149085.50881780408,2024-02-11
ACC_738,CUST_738,259132.2011614903,2022-12-21
ACC_739,CUST_739,16899.98758958711,2022-11-19
ACC_740,CUST_740,145221.7918350622,2023-08-12
ACC_741,CUST_741,138161.41930761238,2024-07-03
ACC_742,CUST_742,186469.05049289367,2023-10-31
ACC_743,CUST_743,373203.9495565246,2024-03-29
ACC_744,CUST_744,348635.432831703,2022-06-04
ACC_745,CUST_745,256670.4355012689,2022-05-12
ACC_746,CUST_746,355183.1740110843,2023-04-04
ACC_747,CUST_747,284785.56327649625,2024-02-24
ACC_748,CUST_748,106460.61246379427,2022-04-25
ACC_749,CUST_749,65717.57542298763,2023-06-14
ACC_750,CUST_750,474997.04868745664,2023-03-13
ACC_751,CUST_751,300792.04564014566,2022-10-22
ACC_752,CUST_752,450625.5513539459,2023-03-24
ACC_753,CUST_753,174627.73916658998,2022-06-04
ACC_754,CUST_754,278772.79257385817,2023-03-18
ACC_755,CUST_755,470902.69075439963,2024-12-24
ACC_756,CUST_756,282917.62130498653,2023-03-10
ACC_757,CUST_757,318287.9990719519,2024-12-19
ACC_758,CUST_758,77232.52296855331,2022-08-16
ACC_759,CUST_759,360957.87870788743,2022-04-17
ACC_760,CUST_760,453476.14587013004,2023-10-06
ACC_761,CUST_761,52244.62782402591,2024-11-22
ACC_762,CUST_762,414335.09508410457,2023-05-01
ACC_763,CUST_763,314292.337983074,2024-12-01
ACC_764,CUST_764,195697.80209804614,2022-05-30
ACC_765,CUST_765,221545.39456142683,2023-04-22
ACC_766,CUST_766,475642.3803598216,2022-05-22
ACC_767,CUST_767,282553.73464855156,2022-12-17
ACC_768,CUST_768,494081.4211884789,2024-08-11
ACC_769,CUST_769,358462.95129459497,2023-12-13
ACC_770,CUST_770,338897.2690649309,2022-07-15
ACC_771,CUST_771,474854.6889923254,2022-11-27
ACC_772,CUST_772,9823.783455704637,2024-08-25
ACC_773,CUST_773,493775.3159950902,2024-07-14
ACC_774,CUST_774,490691.87563157774,2024-05-11
ACC_775,CUST_775,148283.02781948645,2024-03-30
ACC_776,CUST_776,41343.304296234186,2023-09-27
ACC_777,CUST_777,432604.0381761985,2024-07-11
ACC_778,CUST_778,47705.748513093095,2024-05-24
ACC_779,CUST_779,354192.3874313587,2024-03-14
ACC_780,CUST_780,421475.4810030692,2024-10-31
ACC_781,CUST_781,207294.85747450922,2023-02-12
ACC_782,CUST_782,384944.65640688443,2024-12-25
ACC_783,CUST_783,219894.76691889757,2022-07-02
ACC_784,CUST_784,485258.1301828602,2022-10-24
ACC_785,CUST_785,467365.74350686686,2024-05-29
ACC_786,CUST_786,178289.2623967876,2022-05-22
ACC_787,CUST_787,12371.149395044376,2023-04-23
ACC_788,CUST_788,37935.88207912876,2023-04-15
ACC_789,CUST_789,170731.34690617461,2024-07-28
ACC_790,CUST_790,88399.08756622141,2024-09-21
ACC_791,CUST_791,415081.2854251071,2022-06-04
ACC_792,CUST_792,174967.5753033962,2023-12-12
ACC_793,CUST_793,97304.6093553863,2022-11-04
ACC_794,CUST_794,182720.541083268,2023-05-31
ACC_795,CUST_795,58655.18128047081,2024-02-20
ACC_796,CUST_796,199169.9662471351,2022-11-21
ACC_797,CUST_797,428034.9471729651,2024-07-01
ACC_798,CUST_798,238934.48565999768,2022-10-10
ACC_799,CUST_799,217154.4595394119,2023-04-11
ACC_800,CUST_800,133582.9642873688,2023-12-11
ACC_801,CUST_801,253104.0698700709,2024-12-24
ACC_802,CUST_802,426169.5333300183,2024-11-26
ACC_803,CUST_803,5169.50158029214,2022-06-06
ACC_804,CUST_804,351654.0977260301,2024-10-15
ACC_805,CUST_805,103189.5505294967,2024-02-04
ACC_806,CUST_806,84174.60834623233,2024-07-07
ACC_807,CUST_807,344829.70030776435,2024-04-21
ACC_808,CUST_808,418396.8732216881,2022-12-01
ACC_809,CUST_809,7945.029513969479,2022-09-03
ACC_810,CUST_810,342743.8351793967,2023-08-16
ACC_811,CUST_811,47924.31508199848,2023-02-11
ACC_812,CUST_812,300253.2787144967,2024-11-11
ACC_813,CUST_813,331512.93290427973,2023-11-16
ACC_814,CUST_814,496155.09236758924,2024-10-27
ACC_815,CUST_815,180639.25080547738,2022-08-29
ACC_816,CUST_816,202958.66466680798,2024-08-03
ACC_817,CUST_817,262558.53979498765,2024-08-11
ACC_818,CUST_818,44272.21997019906,2023-10-05
ACC_819,CUST_819,217351.67623569758,2023-08-17
ACC_820,CUST_820,84929.4483312078,2024-11-14
ACC_821,CUST_821,414549.3204259071,2024-05-22
ACC_822,CUST_822,313418.80388221133,2023-07-20
ACC_823,CUST_823,469102.83959843987,2023-02-22
ACC_824,CUST_824,443904.7591645147,2022-11-27
ACC_825,CUST_825,290204.4435875883,2022-07-07
ACC_826,CUST_826,295170.25458826445,2023-08-05
ACC_827,CUST_827,317503.9991131485,2022-08-13
ACC_828,CUST_828,307222.548385887,2023-01-26
ACC_829,CUST_829,293008.2788160394,2022-04-18
ACC_830,CUST_830,376800.0536541767,2022-08-25
ACC_831,CUST_831,72319.03035699432,2024-07-04
ACC_832,CUST_832,264831.51121876965,2023-04-28
ACC_833,CUST_833,355286.3696234255,2024-04-07
ACC_834,CUST_834,82562.30101066297,2023-04-18
ACC_835,CUST_835,317142.3276301374,2022-09-25
ACC_836,CUST_836,353575.3798417586,2024-02-20
ACC_837,CUST_837,34629.39727966422,2024-04-26
ACC_838,CUST_838,110666.5567040891,2024-01-04
ACC_839,CUST_839,296097.9776317757,2023-04-20
ACC_840,CUST_840,8377.356849564188,2023-01-10
ACC_841,CUST_841,269969.64886895363,2024-09-18
ACC_842,CUST_842,184104.62218380594,2022-08-27
ACC_843,CUST_843,251705.2203258013,2024-05-21
ACC_844,CUST_844,425826.5731452025,2023-05-01
ACC_845,CUST_845,192820.8645025246,2022-12-06
ACC_846,CUST_846,165422.53203826942,2024-03-31
ACC_847,CUST_847,368954.0803055166,2024-05-17
ACC_848,CUST_848,455621.14972134755,2022-05-29
ACC_849,CUST_849,261408.91114710717,2023-10-15
ACC_850,CUST_850,29445.902538975934,2023-12-25
ACC_851,CUST_851,408947.48254513554,2022-06-23
ACC_852,CUST_852,403587.38886729424,2023-05-29
ACC_853,CUST_853,239258.11700806033,2024-07-26
ACC_854,CUST_854,6836.694195465895,2024-03-15
ACC_855,CUST_855,325632.8900962213,2024-01-02
ACC_856,CUST_856,496079.2826716921,2024-03-10
ACC_857,CUST_857,389257.7787524312,2024-08-16
ACC_858,CUST_858,384263.2076662334,2022-06-01
ACC_859,CUST_859,85223.37854378745,2024-12-11
ACC_860,CUST_860,293496.1377071824,2024-05-03
ACC_861,CUST_861,354130.2200170757,2022-06-11
ACC_862,CUST_862,376144.1814922768,2024-09-27
ACC_863,CUST_863,474354.8686624016,2024-08-08
ACC_864,CUST_864,377135.37843426823,2024-04-03
ACC_865,CUST_865,276129.71727011626,2024-12-20
ACC_866,CUST_866,197999.2131396067,2024-12-05
ACC_867,CUST_867,478063.31032666314,2024-03-03
ACC_868,CUST_868,419488.82193897536,2023-04-20
ACC_869,CUST_869,137741.7346123223,2022-10-05
ACC_870,CUST_870,94714.66514526086,2024-09-28
ACC_871,CUST_871,324528.4794864658,2024-11-05
ACC_872,CUST_872,186487.7110406624,2023-07-31
ACC_873,CUST_873,59276.226044355804,2023-02-24
ACC_874,CUST_874,342718.95750368776,2024-04-09
ACC_875,CUST_875,107375.4011851515,2023-04-21
ACC_876,CUST_876,33684.60144234181,2022-05-12
ACC_877,CUST_877,184599.99022592255,2024-06-08
ACC_878,CUST_878,280337.4907760099,2023-05-02
ACC_879,CUST_879,236136.39874314464,2024-09-15
ACC_880,CUST_880,375793.89090593834,2023-01-11
ACC_881,CUST_881,404785.5140762599,2023-08-26
ACC_882,CUST_882,270248.0978179725,2022-06-19
ACC_883,CUST_883,407871.6836768018,2024-02-26
ACC_884,CUST_884,109949.25057492936,2023-02-11
ACC_885,CUST_885,246840.64095125583,2024-05-10
ACC_886,CUST_886,319126.46210634307,2023-04-06
ACC_887,CUST_887,42631.27587222279,2022-04-21
ACC_888,CUST_888,158763.0448391309,2023-02-23
ACC_889,CUST_889,471759.1970375458,2024-07-25
ACC_890,CUST_890,209000.5862259769,2022-06-13
ACC_891,CUST_891,487283.71034397016,2024-08-24
ACC_892,CUST_892,162617.2358306111,2022-11-16
ACC_893,CUST_893,462973.9150303822,2024-05-25
ACC_894,CUST_894,178641.70226276954,2022-08-16
ACC_895,CUST_895,392303.44182829815,2022-07-19
ACC_896,CUST_896,74641.77939961999,2022-12-11
ACC_897,CUST_897,128137.75636376614,2022-10-26
ACC_898,CUST_898,109951.31045900285,2023-06-30
ACC_899,CUST_899,356293.0675128945,2022-06-30
ACC_900,CUST_900,434751.18313676154,2023-05-17
ACC_901,CUST_901,321580.33235078753,2023-05-09
ACC_902,CUST_902,66882.4151028474,2023-03-13
ACC_903,CUST_903,113587.26868240105,2022-06-03
ACC_904,CUST_904,418599.6848116413,2023-08-24
ACC_905,CUST_905,264579.482898235,2022-09-06
ACC_906,CUST_906,186664.57324762372,2023-07-19
ACC_907,CUST_907,304307.121301645,2022-08-05
ACC_908,CUST_908,277721.1203106033,2024-03-11
ACC_909,CUST_909,147212.68970953563,2023-03-21
ACC_910,CUST_910,431376.3733010615,2022-10-04
ACC_911,CUST_911,187905.8006644419,2023-03-21
ACC_912,CUST_912,340220.0210943213,2024-09-02
ACC_913,CUST_913,197333.75091208474,2024-06-05
ACC_914,CUST_914,203103.70063252197,2024-01-20
ACC_915,CUST_915,161850.47270844565,2022-11-23
ACC_916,CUST_916,332556.13881069043,2022-08-25
ACC_917,CUST_917,426329.40207550407,2024-06-18
ACC_918,CUST_918,213812.83655177112,2022-07-21
ACC_919,CUST_919,195544.89749195342,2024-05-28
ACC_920,CUST_920,110893.38713638418,2023-12-04
ACC_921,CUST_921,445385.104491337,2024-10-11
ACC_922,CUST_922,221498.21508733337,2024-06-10
ACC_923,CUST_923,177613.52598514722,2022-05-08
ACC_924,CUST_924,328452.069272747,2022-08-21
ACC_925,CUST_925,266372.8652612961,2024-01-11
ACC_926,CUST_926,419737.7647266357,2024-03-21
ACC_927,CUST_927,459711.5045500861,2024-05-20
ACC_928,CUST_928,498661.3725701773,2022-08-19
ACC_929,CUST_929,118282.13234356392,2023-11-28
ACC_930,CUST_930,486899.72590009635,2023-11-15
ACC_931,CUST_931,13932.279061663905,2022-06-15
ACC_932,CUST_932,467076.89982202894,2023-11-26
ACC_933,CUST_933,402430.74733700586,2024-01-17
ACC_934,CUST_934,488127.50794988783,2023-01-31
ACC_935,CUST_935,49411.91752301813,2024-11-14
ACC_936,CUST_936,281532.64868713316,2023-01-13
ACC_937,CUST_937,467790.21270490764,2023-10-29
ACC_938,CUST_938,6012.272323883546,2022-07-22
ACC_939,CUST_939,39170.57405179042,2023-08-04
ACC_940,CUST_940,73600.85436771662,2023-04-07
ACC_941,CUST_941,365861.9459303267,2022-04-12
ACC_942,CUST_942,366340.46606008883,2024-08-19
ACC_943,CUST_943,329795.25287441816,2023-10-25
ACC_944,CUST_944,117548.94679876846,2023-03-12
ACC_945,CUST_945,54181.06621711638,2023-11-24
ACC_946,CUST_946,106471.4429609086,2024-02-21
ACC_947,CUST_947,127718.20232462433,2023-01-23
ACC_948,CUST_948,239978.5851510265,2023-09-17
ACC_949,CUST_949,41176.22871369476,2023-12-05
ACC_950,CUST_950,193334.90696707723,2023-08-05
ACC_951,CUST_951,111350.30173376646,2023-11-18
ACC_952,CUST_952,333983.47457895323,2022-12-07
ACC_953,CUST_953,194182.2351550538,2024-05-02
ACC_954,CUST_954,132373.25542101281,2022-12-08
ACC_955,CUST_955,229232.450849745,2024-03-21
ACC_956,CUST_956,243168.67542481574,2023-11-03
ACC_957,CUST_957,484782.0534996906,2024-11-30
ACC_958,CUST_958,366949.34000801446,2023-12-29
ACC_959,CUST_959,457844.09751693497,2023-07-23
ACC_960,CUST_960,425855.13128391525,2024-08-11
ACC_961,CUST_961,12670.576219734805,2022-08-08
ACC_962,CUST_962,57172.71517541385,2023-05-28
ACC_963,CUST_963,350538.2336946424,2024-08-27
ACC_964,CUST_964,183332.7627964459,2022-04-08
ACC_965,CUST_965,319164.8020431897,2023-06-18
ACC_966,CUST_966,108747.15512582651,2024-12-12
ACC_967,CUST_967,260994.65893785362,2023-03-04
ACC_968,CUST_968,351713.50788963604,2023-09-02
ACC_969,CUST_969,353168.36668787996,2024-07-10
ACC_970,CUST_970,447922.83463778335,2022-12-07
ACC_971,CUST_971,266986.8468758833,2023-04-08
ACC_972,CUST_972,181994.6312123803,2024-07-29
ACC_973,CUST_973,410717.8804405328,2023-11-02
ACC_974,CUST_974,56723.57681934272,2024-01-15
ACC_975,CUST_975,395367.1924256056,2023-05-15
ACC_976,CUST_976,165150.8671338654,2024-11-16
ACC_977,CUST_977,484663.6850426053,2023-05-01
ACC_978,CUST_978,422028.0053083691,2022-07-10
ACC_979,CUST_979,313395.1379172374,2022-12-06
ACC_980,CUST_980,456045.31017929467,2024-09-12
ACC_981,CUST_981,350923.1880849304,2024-01-09
ACC_982,CUST_982,189793.32735484323,2022-11-02
ACC_983,CUST_983,25296.81259991026,2023-02-02
ACC_984,CUST_984,141555.49196412723,2022-07-12
ACC_985,CUST_985,60784.34509856284,2024-11-07
ACC_986,CUST_986,124897.05131290268,2023-06-01
ACC_987,CUST_987,185594.09426661674,2022-11-27
ACC_988,CUST_988,143335.4235820131,2023-12-27
ACC_989,CUST_989,121632.0162415179,2023-06-05
ACC_990,CUST_990,392743.363105096,2022-08-20
ACC_991,CUST_991,285663.9901081356,2022-07-17
ACC_992,CUST_992,341213.94580452214,2024-03-19
ACC_993,CUST_993,108913.45439143374,2023-08-30
ACC_994,CUST_994,55645.57463141761,2024-03-10
ACC_995,CUST_995,489138.88055231125,2023-11-13
ACC_996,CUST_996,40854.2401045501,2024-09-03
ACC_997,CUST_997,479651.847329819,2022-05-31
ACC_998,CUST_998,207859.77132516442,2024-09-04
ACC_999,CUST_999,182858.123621837,2024-02-04
