customer_id,age,kyc_status,home_lat,home_lon
CUST_0,73,Pending,18.747421849541375,72.96701157433775
CUST_1,58,Pending,19.408543373957944,72.84663261237293
CUST_2,37,Pending,18.6559128064033,72.87374551582371
CUST_3,72,Verified,19.179399880186388,72.83623957141728
CUST_4,22,Tier2,19.49580571101092,72.89680948052877
CUST_5,32,Pending,19.015464546446808,72.8395072847254
CUST_6,43,Tier2,18.562524826665694,72.90160500295588
CUST_7,38,Verified,18.580877115151978,72.82090117383156
CUST_8,37,Pending,19.171767134446622,72.81730921011268
CUST_9,23,Verified,18.773800755739558,72.98627826949661
CUST_10,49,Verified,18.707665662043613,72.94484722171413
CUST_11,56,Verified,18.743895151521524,72.85188083545596
CUST_12,59,Tier2,19.35588805839987,72.83283403168738
CUST_13,73,Pending,19.384711961581534,72.88216762373948
CUST_14,41,Tier2,18.825994363236667,72.97055826851395
CUST_15,71,Tier2,18.829008283685866,72.9064124896322
CUST_16,49,Verified,18.734737991653432,72.85248928663982
CUST_17,41,Verified,18.564549841622974,72.8183142018829
CUST_18,73,Verified,19.380834927188364,72.82802725619882
CUST_19,25,Tier2,18.799540070463188,72.88210835812302
CUST_20,53,Pending,19.097662133892264,72.87817164604145
CUST_21,36,Verified,18.993666499216655,72.95181050570861
CUST_22,36,Verified,18.838482584404186,72.8743191299307
CUST_23,81,Verified,19.212578804089418,72.94168744226256
CUST_24,72,Pending,18.575469586018176,72.94597602750717
CUST_25,41,Pending,18.909441579157296,72.83575819226172
CUST_26,38,Tier2,19.197247450540015,72.91520016691003
CUST_27,64,Pending,18.761157280729744,72.8437464560045
CUST_28,68,Tier2,19.45465915936039,72.90332929432668
CUST_29,67,Tier2,19.44629153954202,72.80713208952506
CUST_30,40,Pending,18.56536412605904,72.94054452903714
CUST_31,79,Tier2,19.25694202499641,72.80410082910895
CUST_32,20,Tier2,18.943293048343413,72.84373770145064
CUST_33,22,Pending,19.15763927154841,72.84626196167908
CUST_34,75,Verified,19.402623896559763,72.97950160400163
CUST_35,49,Tier2,18.572537223633574,72.9381748932823
CUST_36,37,Tier2,18.710997159316594,72.82535958073456
CUST_37,29,Pending,18.903516824724353,72.93883330890517
CUST_38,33,Verified,18.657521880694492,72.99844931314827
CUST_39,43,Verified,18.640332998670242,72.94897686555188
CUST_40,76,Tier2,19.20894362347003,72.80761794295877
CUST_41,60,Tier2,18.674237870707543,72.95025269318202
CUST_42,21,Tier2,18.832682476675654,72.8214234698043
CUST_43,44,Verified,18.881111624542367,72.90834490585378
CUST_44,62,Verified,19.498778910615204,72.86204330365044
CUST_45,28,Pending,19.470563478852313,72.99921236881187
CUST_46,24,Verified,18.819899525612048,72.85250868428523
CUST_47,19,Pending,18.613431464341016,72.9335714570274
CUST_48,31,Pending,18.62936101972008,72.9478400881732
CUST_49,77,Tier2,18.76412584239004,72.80975265490926
CUST_50,75,Verified,19.34896488963978,72.90924548357899
CUST_51,26,Verified,19.325456361441102,72.8993102463092
CUST_52,44,Tier2,19.46058775920695,72.9456894741205
CUST_53,83,Tier2,18.856377667888925,72.81526926887642
CUST_54,46,Pending,19.2370548424191,72.91349844254347
CUST_55,44,Tier2,19.3462951495709,72.91958746631505
CUST_56,31,Pending,18.55958355193666,72.88748775056723
CUST_57,30,Verified,19.260906606254306,72.94703953944355
CUST_58,74,Pending,18.687680064906832,72.82456809308069
CUST_59,77,Tier2,18.87138770101879,72.92263612998593
CUST_60,51,Verified,18.777847237313118,72.8334907893692
CUST_61,70,Pending,18.77171359894943,72.95284311745894
CUST_62,56,Tier2,19.36389087253496,72.8395765937274
CUST_63,81,Tier2,18.772629417516843,72.80727087882853
CUST_64,74,Tier2,19.20955728727968,72.87492899721074
CUST_65,35,Verified,19.352916082194582,72.94191436659915
CUST_66,66,Pending,18.647981326722814,72.89298593456236
CUST_67,80,Verified,19.256704984991394,72.89567900400198
CUST_68,70,Tier2,18.77550259209589,72.94816689128218
CUST_69,75,Tier2,19.257486919351535,72.84611949868659
CUST_70,22,Verified,18.975911040327695,72.99585952709491
CUST_71,23,Tier2,18.54314980319455,72.97813531558837
CUST_72,33,Pending,18.564698931069763,72.87641296374872
CUST_73,28,Verified,18.729389356239025,72.81687940782233
CUST_74,29,Verified,19.25114008804275,72.85275532193666
CUST_75,23,Tier2,18.998915286385593,72.83752495021452
CUST_76,56,Pending,19.43419238665256,72.98890331319163
CUST_77,38,Tier2,18.589043552372708,72.99508961253532
CUST_78,33,Tier2,18.99927866423835,72.93011754549148
CUST_79,21,Verified,18.580681637493104,72.97214138699637
CUST_80,55,Verified,19.371085083852797,72.86085685180372
CUST_81,74,Verified,18.56644659807856,72.92800759491487
CUST_82,63,Tier2,18.604026940182678,72.98772792460858
CUST_83,65,Tier2,19.215285396409286,72.86802209868794
CUST_84,72,Tier2,18.714380695225262,72.94588539180046
CUST_85,55,Pending,19.320768221801142,72.9351209600794
CUST_86,50,Pending,19.3896485307369,72.83503727482876
CUST_87,36,Pending,19.14756212115545,72.83912551951153
CUST_88,43,Pending,18.68389911677601,72.98193706451241
CUST_89,29,Tier2,18.549512177872984,72.91146305291099
CUST_90,24,Tier2,19.16415808638169,72.90446815147922
CUST_91,69,Pending,18.718649049223707,72.83334204378275
CUST_92,34,Pending,18.64518585833079,72.91122739140478
CUST_93,25,Pending,18.778297035406958,72.83141000042225
CUST_94,46,Pending,19.05553293165367,72.95492824256299
CUST_95,81,Tier2,19.09952590736,72.90559945917654
CUST_96,19,Verified,19.137402530689045,72.84490846364973
CUST_97,53,Tier2,18.637887983395057,72.92265165648054
CUST_98,74,Verified,18.66844962354728,72.8983792889537
CUST_99,74,Tier2,18.767143482692195,72.96009850871057
CUST_100,69,Pending,18.851261286464357,72.91635810937731
CUST_101,25,Pending,18.79150874954428,72.81388738317943
CUST_102,32,Tier2,18.86551957376929,72.92193864142295
CUST_103,22,Pending,19.41082960084678,72.93199201420512
CUST_104,53,Pending,18.563508025367458,72.8738047290827
CUST_105,83,Tier2,19.4380217104742,72.95881227294555
CUST_106,48,Verified,18.86531140391926,72.95146420655009
CUST_107,80,Pending,18.535628695660744,72.97825816439126
CUST_108,77,Pending,19.374007250050653,72.86491702362244
CUST_109,76,Pending,18.56291058546538,72.83512459545354
CUST_110,84,Pending,19.18393124937541,72.80313203905293
CUST_111,38,Tier2,18.816741353056713,72.94734483414865
CUST_112,41,Verified,18.867102148335402,72.84401292752062
CUST_113,19,Verified,18.758460489058212,72.98331661103403
CUST_114,47,Tier2,19.243283144941145,72.90484276208225
CUST_115,75,Pending,19.289941698786656,72.97343488010054
CUST_116,68,Pending,19.32668974894887,72.83771295456889
CUST_117,34,Pending,19.329052854679205,72.93965610130539
CUST_118,84,Pending,19.27703049153395,72.99087034804595
CUST_119,42,Tier2,19.130349761260632,72.88498009094333
CUST_120,42,Verified,19.363931290693877,72.98384255228416
CUST_121,71,Tier2,18.73985952473752,72.97856818529533
CUST_122,61,Verified,18.95661949967676,72.8495117538269
CUST_123,34,Pending,18.58878580609255,72.80665460906084
CUST_124,52,Verified,19.093015297724783,72.90594881416445
CUST_125,21,Tier2,19.157617662519684,72.90464325327753
CUST_126,69,Pending,18.878172451450915,72.8673039989177
CUST_127,28,Tier2,19.228660613165115,72.83414256737055
CUST_128,52,Pending,18.781683246289976,72.99257734838658
CUST_129,45,Verified,18.878618407935395,72.99214004584692
CUST_130,48,Tier2,18.814553290413496,72.84136399828783
CUST_131,33,Tier2,18.779265793947125,72.80312438156784
CUST_132,18,Verified,18.521364149800103,72.9322385743977
CUST_133,35,Pending,18.645341853580522,72.82191703480164
CUST_134,26,Pending,18.819044903396108,72.9599914195296
CUST_135,59,Verified,18.52645028522833,72.92454346063678
CUST_136,41,Pending,19.184841367399454,72.8678515220693
CUST_137,30,Pending,18.88124521306781,72.86020354188302
CUST_138,62,Verified,18.781927665136934,72.90668472286524
CUST_139,54,Tier2,18.62157920789495,72.98154167741461
CUST_140,22,Tier2,19.409898408335817,72.80881379351432
CUST_141,64,Pending,19.36524604136082,72.95733952940718
CUST_142,68,Pending,18.693336703028294,72.85393487428584
CUST_143,43,Tier2,19.13963714786999,72.90281029786583
CUST_144,36,Verified,19.18365948360281,72.8311967981074
CUST_145,72,Pending,18.868333293309636,72.87866564186888
CUST_146,28,Pending,18.527074941076346,72.81766479879812
CUST_147,66,Pending,18.989511521490577,72.80838776739449
CUST_148,49,Verified,19.41548220791244,72.81835984449788
CUST_149,57,Tier2,18.57219996618883,72.98897866385462
CUST_150,39,Pending,19.106815309495076,72.9218994400365
CUST_151,39,Tier2,18.61108080667359,72.83660353584945
CUST_152,77,Tier2,19.063860945879906,72.95384105263085
CUST_153,56,Tier2,19.112937220902612,72.87249584335132
CUST_154,23,Verified,19.095954124357117,72.8426933849659
CUST_155,59,Verified,19.25490580639158,72.82880113735435
CUST_156,60,Tier2,18.971357400831163,72.94660176999338
CUST_157,18,Verified,18.96733884826004,72.91881455297793
CUST_158,55,Pending,18.897694062292548,72.91149196306922
CUST_159,29,Tier2,19.05327210875141,72.87850212808647
CUST_160,58,Pending,18.923779105798083,72.98823635774362
CUST_161,65,Verified,19.317947602455316,72.9812366344785
CUST_162,26,Pending,18.80813402304295,72.90851210307453
CUST_163,43,Pending,18.891329456550512,72.84190749383815
CUST_164,19,Tier2,19.059919705060018,72.86306535215604
CUST_165,46,Verified,19.055820266693164,72.97574518262678
CUST_166,77,Verified,18.76887571118864,72.88456607529551
CUST_167,65,Tier2,18.777428503877594,72.95604326281591
CUST_168,36,Verified,18.773802746389062,72.85597704672443
CUST_169,22,Tier2,19.461883118876813,72.98374193747826
CUST_170,32,Pending,18.87701477057772,72.97525770649601
CUST_171,79,Pending,18.646836597228567,72.92637634063817
CUST_172,32,Verified,18.7808038998607,72.8664295413963
CUST_173,42,Verified,19.17612739506502,72.9063316959472
CUST_174,58,Verified,18.938172326134673,72.87938338539328
CUST_175,45,Pending,18.515206004692008,72.85830585578663
CUST_176,38,Pending,19.166629452271746,72.94034822214724
CUST_177,51,Verified,19.40656584354974,72.84387344099773
CUST_178,69,Verified,19.343309100428467,72.84320891899638
CUST_179,38,Tier2,18.598570707682548,72.94364711807776
CUST_180,59,Tier2,19.454108712919833,72.95367113896813
CUST_181,70,Tier2,19.28092983388739,72.97575012419313
CUST_182,19,Pending,19.102398296448925,72.85807929996825
CUST_183,25,Pending,19.01639951184522,72.82383399808454
CUST_184,68,Pending,18.980086719802173,72.8600731032453
CUST_185,70,Verified,18.806588763661434,72.9549039470756
CUST_186,44,Tier2,19.120401817486997,72.9066887466487
CUST_187,49,Pending,18.904100695294204,72.87028826062092
CUST_188,72,Tier2,19.402072953627368,72.8035932967453
CUST_189,53,Pending,19.352612527146057,72.92929656130697
CUST_190,75,Verified,18.867397126436057,72.85663454785542
CUST_191,55,Tier2,18.868288713007917,72.87527522885946
CUST_192,24,Verified,19.48869969895207,72.86298638466661
CUST_193,74,Pending,19.38230086655734,72.93603584745772
CUST_194,69,Pending,18.8462990650186,72.92160022663607
CUST_195,52,Pending,18.781596522441404,72.97330771199532
CUST_196,27,Verified,19.384460529494774,72.97709902754883
CUST_197,83,Pending,18.960885129656774,72.93267396850676
CUST_198,30,Verified,18.943716460861665,72.90803754833486
CUST_199,52,Pending,18.878481438767416,72.94642857247975
CUST_200,44,Pending,19.15137644528137,72.99672681611088
CUST_201,56,Verified,19.115036313113144,72.99782817804933
CUST_202,21,Tier2,18.8344155736322,72.8183695441084
CUST_203,68,Verified,19.131248610879297,72.85988610273373
CUST_204,21,Pending,19.284392243958948,72.96888500525345
CUST_205,61,Tier2,19.121095984243762,72.87020984753818
CUST_206,48,Tier2,18.740999689529303,72.86868172979888
CUST_207,66,Verified,18.658923999278066,72.890617952221
CUST_208,46,Verified,18.611814293660757,72.81865700477852
CUST_209,46,Verified,19.294680473378353,72.90179647894576
CUST_210,65,Tier2,19.062896248430395,72.85592189449733
CUST_211,27,Tier2,19.082896070086548,72.91986560936756
CUST_212,44,Tier2,18.878856254259922,72.90121422443244
CUST_213,47,Pending,18.665137803760484,72.82973648357863
CUST_214,19,Verified,19.445779424724947,72.92366505067169
CUST_215,55,Verified,18.658641378341994,72.98620130632457
CUST_216,29,Pending,19.454921225363815,72.84116741320145
CUST_217,20,Tier2,18.804204984958147,72.98795193254279
CUST_218,34,Tier2,19.00705102304677,72.91547796531009
CUST_219,72,Tier2,19.283188673541236,72.90556371862812
CUST_220,73,Tier2,18.691256823716493,72.89288322000635
CUST_221,31,Tier2,19.16980618884442,72.98646621601598
CUST_222,48,Tier2,19.02257665990542,72.904982562427
CUST_223,69,Pending,18.952353271380808,72.97537922100376
CUST_224,29,Pending,19.04368471953408,72.82858475296987
CUST_225,44,Tier2,19.261346713667518,72.88614319541588
CUST_226,30,Pending,18.801045143800405,72.96506286176086
CUST_227,52,Verified,19.30595702301913,72.80222358324144
CUST_228,53,Verified,18.535805377239758,72.8659452309864
CUST_229,45,Pending,18.53107903108154,72.84164051673083
CUST_230,52,Tier2,18.584330966369535,72.87410729685745
CUST_231,83,Verified,19.04726639051502,72.99935160422675
CUST_232,25,Verified,19.337163999972237,72.90827368843756
CUST_233,25,Pending,19.379790486997848,72.86581770982424
CUST_234,78,Tier2,19.313655820760992,72.95889169950973
CUST_235,75,Verified,18.501479719623674,72.88295176623113
CUST_236,48,Tier2,18.59504796270585,72.83031905326972
CUST_237,37,Tier2,19.028904294847685,72.94532747230667
CUST_238,62,Pending,18.912988804374105,72.84897877144112
CUST_239,70,Tier2,19.29857039794265,72.85056165739412
CUST_240,76,Pending,18.545579829681298,72.98214364169021
CUST_241,36,Tier2,18.79058546996871,72.9926293530162
CUST_242,79,Tier2,19.47930772913011,72.98693002161552
CUST_243,51,Verified,18.78122870482853,72.91314126372123
CUST_244,80,Verified,19.33613873251509,72.81368691074313
CUST_245,33,Pending,18.67633959311735,72.99999370683057
CUST_246,52,Tier2,18.641592299892558,72.92765072985641
CUST_247,55,Tier2,19.28512709417926,72.97095010101948
CUST_248,82,Tier2,18.710581337806335,72.84556853268701
CUST_249,51,Tier2,19.373504027214338,72.89065922642308
CUST_250,65,Pending,18.700789205839108,72.87532535539756
CUST_251,78,Pending,18.548739140344377,72.92193260856916
CUST_252,41,Verified,19.237938847897368,72.85688113461818
CUST_253,39,Tier2,19.29875814119698,72.99270930253493
CUST_254,47,Pending,19.441070628056888,72.90183479704022
CUST_255,29,Verified,19.215288222383027,72.88257356718171
CUST_256,18,Tier2,18.707952240165554,72.98815025804893
CUST_257,67,Verified,19.026461659347387,72.86138790792623
CUST_258,36,Verified,18.994892463011432,72.81651692573449
CUST_259,57,Pending,19.21940195660728,72.94704504487717
CUST_260,71,Tier2,18.86052444636176,72.81500044001336
CUST_261,25,Tier2,18.8946656605264,72.9547124507883
CUST_262,28,Pending,19.365330941227587,72.99669648781335
CUST_263,31,Pending,19.44665468515383,72.95600974969975
CUST_264,68,Tier2,19.190786962413952,72.95500664881759
CUST_265,79,Pending,19.372347161298133,72.90533758666946
CUST_266,69,Verified,18.607216524016263,72.87324607476248
CUST_267,73,Tier2,19.413206100184368,72.8636736524465
CUST_268,31,Pending,19.023729768210078,72.97566619003847
CUST_269,29,Pending,18.579426208066835,72.81799593061217
CUST_270,44,Pending,19.211659269005004,72.99960654235437
CUST_271,20,Pending,19.1470175599658,72.97572826548793
CUST_272,76,Tier2,19.33688102190643,72.83345927969906
CUST_273,55,Pending,18.61987344110613,72.99657197530892
CUST_274,38,Verified,19.118797397231834,72.96478744910281
CUST_275,39,Tier2,18.836417448955196,72.97254441942063
CUST_276,75,Pending,18.89268613033578,72.85245839329177
CUST_277,28,Verified,18.73178966477102,72.83960957287516
CUST_278,23,Verified,19.476903649768946,72.82459102814788
CUST_279,33,Verified,18.880740538837237,72.95248879924101
CUST_280,60,Tier2,19.168479565899297,72.94601590000794
CUST_281,49,Pending,19.164552665886937,72.91129757355532
CUST_282,56,Pending,18.534766954294614,72.98798505731688
CUST_283,65,Tier2,19.34053991286893,72.90541135993388
CUST_284,40,Verified,18.89759500651754,72.85766348569162
CUST_285,23,Pending,18.962031843129015,72.88173252841223
CUST_286,42,Verified,19.22164830102452,72.91725511641633
CUST_287,57,Pending,18.971385191786798,72.97114942425618
CUST_288,45,Verified,18.70588947434373,72.84942949887036
CUST_289,62,Tier2,18.536828627625905,72.97459822205822
CUST_290,61,Tier2,19.118984313543773,72.83705223463276
CUST_291,59,Pending,19.36943877033091,72.88034604093518
CUST_292,55,Pending,19.375245681012345,72.80523194688426
CUST_293,47,Pending,19.475656428290726,72.95576696471984
CUST_294,18,Tier2,19.160469835709144,72.82448708220316
CUST_295,70,Verified,19.49720030164046,72.9832344763738
CUST_296,49,Pending,19.32362088084505,72.92757148655448
CUST_297,22,Pending,18.863262464024423,72.98935818789396
CUST_298,51,Pending,18.901736688705054,72.82789040284015
CUST_299,33,Verified,18.835407785496226,72.92899367107768
CUST_300,55,Tier2,19.00272025408796,72.89946008632356
CUST_301,45,Tier2,19.196059038711592,72.89528228187493
CUST_302,58,Verified,19.22943680664629,72.87119098700934
CUST_303,74,Pending,18.68622633708021,72.94433580691191
CUST_304,71,Verified,18.7152494166642,72.90573243860182
CUST_305,23,Tier2,18.52202144910282,72.90070691614744
CUST_306,42,Pending,18.63168751860945,72.89322960441156
CUST_307,75,Verified,18.929652850367933,72.9572252779007
CUST_308,70,Tier2,19.31381795787992,72.86457161706517
CUST_309,61,Pending,19.260827669789887,72.97984800889758
CUST_310,78,Pending,18.67861653420052,72.91013628026185
CUST_311,54,Pending,18.53725965156333,72.8112245206515
CUST_312,58,Tier2,19.15490971884699,72.84607197030057
CUST_313,24,Tier2,19.327002120343973,72.98826414225576
CUST_314,35,Tier2,19.238008626566288,72.92330583838421
CUST_315,84,Verified,18.85501007133279,72.89606663753126
CUST_316,65,Tier2,19.057087905875385,72.96324194883289
CUST_317,82,Tier2,18.532114439645735,72.90592983224131
CUST_318,51,Tier2,18.51656386053179,72.8120108444495
CUST_319,35,Tier2,19.081211957877542,72.87002673118292
CUST_320,54,Verified,18.752309967644177,72.98539323976576
CUST_321,21,Pending,19.270690019383753,72.85773109821343
CUST_322,58,Pending,19.384284069038596,72.92811827405475
CUST_323,62,Verified,18.945012509134745,72.94461766892482
CUST_324,34,Verified,19.330911761208423,72.92399767996069
CUST_325,23,Pending,19.374860269281832,72.92683696888143
CUST_326,53,Pending,18.653981500469108,72.85076191084927
CUST_327,52,Tier2,19.186930523268565,72.83375475164408
CUST_328,54,Verified,18.87209283830185,72.93590984928424
CUST_329,38,Pending,18.559035625657792,72.84864308961227
CUST_330,81,Pending,18.548617349604076,72.99011449078286
CUST_331,75,Tier2,18.967394588551,72.84011033706622
CUST_332,23,Tier2,19.05951665639616,72.94044128993892
CUST_333,46,Tier2,19.29120844091522,72.99055872143023
CUST_334,62,Verified,18.978023450426146,72.8978149223302
CUST_335,67,Tier2,19.39517626114197,72.84812983031733
CUST_336,23,Pending,18.792661745860446,72.88852782706314
CUST_337,32,Tier2,19.467817928076414,72.83845373138865
CUST_338,71,Verified,19.008138043121928,72.89186786025968
CUST_339,40,Pending,18.73688450151387,72.93690473898639
CUST_340,24,Verified,19.49410880561919,72.88093852525103
CUST_341,45,Verified,18.69547930961919,72.80566641508602
CUST_342,62,Tier2,18.9049104160184,72.89016185700679
CUST_343,20,Tier2,18.955291156556665,72.91117778602447
CUST_344,38,Tier2,18.914544557960077,72.96902284277158
CUST_345,22,Pending,18.594568621358107,72.97820590706165
CUST_346,81,Pending,18.912783738446347,72.9410995902035
CUST_347,77,Tier2,19.193582629849278,72.89451348986219
CUST_348,29,Pending,18.831530959308317,72.86073618916048
CUST_349,84,Verified,19.364887964783147,72.94252929714983
CUST_350,36,Verified,19.488601562133525,72.88540525767668
CUST_351,56,Pending,19.20047227949755,72.92718023691907
CUST_352,56,Verified,18.888083181316894,72.82529741454887
CUST_353,66,Tier2,18.510729534564078,72.96875048732097
CUST_354,75,Tier2,19.14054582850216,72.89749919608558
CUST_355,74,Pending,19.0605336510521,72.98046673869052
CUST_356,19,Tier2,18.789003311966823,72.907256870033
CUST_357,62,Verified,19.45416946648083,72.82603767381228
CUST_358,79,Tier2,18.863485117472102,72.89617800946951
CUST_359,41,Pending,19.15180735227148,72.82911471459664
CUST_360,63,Pending,19.47671486300249,72.97990144693408
CUST_361,57,Verified,19.157400161286862,72.88382211540724
CUST_362,58,Verified,19.3624858500176,72.9837974276063
CUST_363,47,Pending,18.654791794953187,72.84904939024406
CUST_364,73,Tier2,19.372753365696955,72.96081809856548
CUST_365,73,Tier2,19.238185438931847,72.82149202333481
CUST_366,18,Pending,18.730656350654602,72.9300230437469
CUST_367,55,Pending,19.191408880377484,72.99614394424356
CUST_368,73,Verified,18.602927340281152,72.95844892313322
CUST_369,33,Verified,18.659619419949827,72.98682838727466
CUST_370,64,Tier2,19.148830639586464,72.84906522429631
CUST_371,44,Tier2,19.372877209640684,72.93881101748521
CUST_372,64,Pending,19.384905692125688,72.83746906853646
CUST_373,81,Pending,18.843737907279955,72.97156276826736
CUST_374,49,Tier2,19.390383378930665,72.9245638066363
CUST_375,50,Tier2,18.771860060225844,72.80728387803146
CUST_376,24,Pending,19.11245683623259,72.85697528592638
CUST_377,28,Pending,18.65427419322326,72.99372367897494
CUST_378,82,Pending,18.694931792143677,72.98950175171039
CUST_379,32,Tier2,19.478723951310766,72.93200873471501
CUST_380,52,Pending,18.64714424578393,72.91595834612276
CUST_381,49,Verified,19.444740900899703,72.92999680554519
CUST_382,78,Tier2,18.570121505004995,72.96560277942336
CUST_383,42,Pending,18.802945870784693,72.8183726557171
CUST_384,66,Pending,18.618423263374513,72.89193353640141
CUST_385,27,Tier2,18.547752336984924,72.9951653165298
CUST_386,67,Pending,18.776420641256717,72.9797670756321
CUST_387,36,Pending,18.56892814489741,72.88436793482377
CUST_388,65,Pending,19.152669031932774,72.89399616661417
CUST_389,32,Pending,18.990062641077138,72.89524064572976
CUST_390,68,Tier2,18.546651743344157,72.83554363557788
CUST_391,68,Pending,18.907300962585538,72.95590667152031
CUST_392,62,Pending,19.37158694350303,72.83688161484044
CUST_393,30,Tier2,19.432868590497225,72.88169317227062
CUST_394,20,Pending,19.359071377018772,72.85742577747368
CUST_395,79,Pending,18.822775661199373,72.88183191350795
CUST_396,21,Verified,18.89430956542642,72.92386551720679
CUST_397,18,Tier2,19.168491664129014,72.86345817580765
CUST_398,19,Pending,18.892879166288942,72.91397926638612
CUST_399,56,Pending,19.37796452799488,72.89095048745881
CUST_400,83,Verified,19.47788732759859,72.89841765647455
CUST_401,76,Verified,18.71381861057222,72.87259152779394
CUST_402,44,Verified,18.894361232745986,72.98143635681164
CUST_403,40,Pending,19.266088983623394,72.89706158321897
CUST_404,53,Verified,19.013941187656705,72.81481337163245
CUST_405,24,Tier2,18.57456895531736,72.93350138806123
CUST_406,77,Pending,18.972325333783765,72.81653975725087
CUST_407,43,Pending,18.819134406555385,72.92747285333024
CUST_408,18,Pending,19.006648582608,72.99652533182245
CUST_409,56,Tier2,19.363380348954664,72.82284446864337
CUST_410,33,Tier2,19.035039985126122,72.96721145235357
CUST_411,31,Tier2,19.390149617812675,72.9214202414086
CUST_412,26,Tier2,19.035512882248007,72.87916839825404
CUST_413,64,Pending,19.380197878329973,72.84876177288405
CUST_414,69,Verified,19.23574702579425,72.90403399418066
CUST_415,29,Pending,18.743149175089695,72.93605513598911
CUST_416,79,Pending,19.461101146655402,72.92057527603069
CUST_417,80,Tier2,18.813593087806762,72.90821530143256
CUST_418,28,Tier2,19.102455346964177,72.93310646714626
CUST_419,33,Tier2,18.686930951210766,72.87066768097627
CUST_420,54,Pending,18.998904403017942,72.80819143586444
CUST_421,83,Tier2,19.236014535460995,72.86341047685784
CUST_422,48,Pending,18.775365803346897,72.8226501518407
CUST_423,53,Pending,19.09010149281989,72.93822998659583
CUST_424,31,Tier2,18.525495309022897,72.9297286341886
CUST_425,25,Pending,19.474874142474945,72.89321476905309
CUST_426,56,Verified,18.5960324294526,72.86639701258883
CUST_427,58,Tier2,19.425642487256344,72.82071280810563
CUST_428,65,Pending,18.85821942002647,72.8036380027348
CUST_429,46,Tier2,18.704845709139633,72.89867510221521
CUST_430,74,Pending,18.61377898393142,72.82901692503961
CUST_431,53,Tier2,19.16058398927123,72.93024479761364
CUST_432,62,Pending,19.0636913629994,72.96581840041429
CUST_433,75,Verified,18.658133623700422,72.92310046518514
CUST_434,28,Tier2,18.634142226652532,72.96348746964667
CUST_435,29,Pending,18.917618847749576,72.98516256968423
CUST_436,25,Pending,18.894699975791013,72.87927975691461
CUST_437,40,Tier2,19.199056776613787,72.83720083480547
CUST_438,66,Verified,18.877842250612037,72.85108462800012
CUST_439,26,Tier2,18.87781620731717,72.94005973375717
CUST_440,35,Tier2,18.668580156839298,72.85818692608663
CUST_441,47,Verified,18.589473988676918,72.80485350788011
CUST_442,74,Verified,19.209915839587946,72.80153341761988
CUST_443,61,Pending,18.690153100903146,72.87400183878181
CUST_444,43,Tier2,18.602805839621926,72.84893599184522
CUST_445,42,Tier2,19.355367086108174,72.93200522870829
CUST_446,61,Verified,18.888795677901452,72.9631107671657
CUST_447,33,Tier2,19.255284187718804,72.85126407416395
CUST_448,69,Pending,18.917702737189927,72.9615716562597
CUST_449,31,Tier2,18.901918184731883,72.9099121574403
CUST_450,39,Tier2,19.318005105428565,72.96905152956221
CUST_451,61,Pending,18.57765254819118,72.9801651523491
CUST_452,45,Verified,18.723173358170822,72.91522457386361
CUST_453,48,Tier2,19.24071844631658,72.8515316573089
CUST_454,33,Pending,18.54262705480044,72.93038289035741
CUST_455,72,Pending,19.06712831406133,72.87715391602174
CUST_456,53,Verified,19.052616480034278,72.87615512103862
CUST_457,83,Pending,18.761096364514508,72.86498954992871
CUST_458,80,Tier2,18.786919031425846,72.89596860903944
CUST_459,19,Pending,19.147692663735903,72.89219158646446
CUST_460,56,Tier2,19.2464438119683,72.9484760307047
CUST_461,38,Verified,18.63660989050373,72.84821996586665
CUST_462,58,Verified,18.54783659525877,72.96097508994664
CUST_463,42,Pending,18.68851273486658,72.94230633101392
CUST_464,83,Verified,18.629488960699263,72.90807979537894
CUST_465,18,Verified,18.52240449288535,72.80911090417833
CUST_466,29,Tier2,19.317324973970653,72.88168926526113
CUST_467,44,Tier2,19.131084929246104,72.95812405710065
CUST_468,65,Pending,19.18058490880723,72.8475730092132
CUST_469,52,Pending,19.223949558583232,72.8544296275224
CUST_470,21,Pending,19.172840092874267,72.93810125570819
CUST_471,78,Pending,19.182255687242776,72.84814051173969
CUST_472,28,Tier2,19.312689206857062,72.94662494757807
CUST_473,83,Verified,19.457575395381117,72.89967806715832
CUST_474,80,Tier2,19.296739830895746,72.98815526027224
CUST_475,21,Pending,18.668535444136324,72.99715385034526
CUST_476,28,Verified,19.184193771799414,72.83278549672326
CUST_477,72,Tier2,19.41513903407398,72.94514958864899
CUST_478,45,Verified,19.372518111843114,72.91400895317655
CUST_479,35,Pending,18.64448712421764,72.81165166400844
CUST_480,35,Tier2,18.545927336094636,72.98640744874676
CUST_481,66,Verified,19.092956909417744,72.80145485329287
CUST_482,70,Verified,19.126270970148692,72.99714555299151
CUST_483,79,Tier2,18.645449887634566,72.92528001675106
CUST_484,65,Tier2,18.81899699710134,72.84617518516387
CUST_485,76,Verified,19.107039813904905,72.90072964724314
CUST_486,56,Tier2,18.559582691159967,72.99585576121603
CUST_487,40,Pending,18.57684560986718,72.98484638148699
CUST_488,29,Pending,19.21174554275943,72.95665537351981
CUST_489,39,Pending,19.072900804100993,72.85247764149788
CUST_490,84,Pending,18.742288365872973,72.96126026561893
CUST_491,55,Pending,18.663350221350825,72.88530131495602
CUST_492,18,Verified,18.847167952514127,72.82128036698876
CUST_493,32,Pending,18.51256162552995,72.90727835218324
CUST_494,45,Tier2,19.264726361652123,72.9895889873531
CUST_495,67,Verified,18.63352215401233,72.98642765836372
CUST_496,47,Verified,18.522501066737547,72.99856428334091
CUST_497,63,Pending,18.922215686221477,72.82030308953385
CUST_498,67,Verified,19.31862059022483,72.95480559491476
CUST_499,69,Tier2,19.031205762677455,72.93267004104817
CUST_500,32,Verified,18.59969221285814,72.99296208377561
CUST_501,59,Pending,19.443489828442335,72.8770721487088
CUST_502,33,Verified,19.34048063249627,72.91643403233313
CUST_503,84,Verified,19.184366421611145,72.96047315597974
CUST_504,34,Verified,19.234239598202887,72.94867351517794
CUST_505,77,Verified,19.23984769518357,72.9757825849635
CUST_506,75,Verified,19.36656464304105,72.89682353217393
CUST_507,75,Verified,19.06612105077404,72.91985240417853
CUST_508,21,Tier2,18.99983519691158,72.80830132221386
CUST_509,50,Verified,18.70095317557822,72.97454423691312
CUST_510,19,Tier2,18.595837240163583,72.95858682636398
CUST_511,53,Pending,18.585695151483957,72.8839235538994
CUST_512,81,Verified,19.367691680910543,72.88898332051757
CUST_513,63,Pending,18.778185271607352,72.86114564539753
CUST_514,80,Tier2,19.344365900892385,72.94777622329389
CUST_515,79,Verified,19.493938408840805,72.93114254417577
CUST_516,57,Pending,18.624556542388365,72.84675172231442
CUST_517,18,Verified,18.649121500630226,72.93095858881625
CUST_518,69,Tier2,19.287835059601395,72.83269467842894
CUST_519,27,Pending,18.85849743285883,72.98109149360475
CUST_520,47,Verified,19.43385272866064,72.99311872968623
CUST_521,41,Pending,19.189403761917898,72.87916338231042
CUST_522,63,Tier2,18.50579579409182,72.83344039540663
CUST_523,71,Pending,18.52987294066242,72.87769163941911
CUST_524,30,Tier2,19.275325119380316,72.84652767867098
CUST_525,68,Pending,19.215004091369305,72.81484082647307
CUST_526,48,Verified,19.26023010845881,72.8967783737294
CUST_527,38,Tier2,19.304016981336325,72.86578432782531
CUST_528,48,Pending,18.68027597792835,72.8762354124401
CUST_529,82,Verified,19.468200987663327,72.83971913900652
CUST_530,48,Pending,18.87822081065197,72.90868266100202
CUST_531,70,Tier2,18.704044222977817,72.82128193718731
CUST_532,81,Tier2,19.348656533220968,72.81461608316694
CUST_533,33,Pending,18.701583876132652,72.83686376423367
CUST_534,66,Tier2,19.0930669399403,72.83285348376116
CUST_535,21,Verified,18.99466246137381,72.92340916170731
CUST_536,24,Tier2,19.19351166460231,72.99651685599424
CUST_537,31,Verified,19.350380988384167,72.97995742919
CUST_538,20,Pending,18.969517775863917,72.80918701031675
CUST_539,33,Pending,18.808707207517262,72.95895572536901
CUST_540,29,Verified,19.258410438093915,72.83755204286983
CUST_541,64,Tier2,19.00796857598451,72.99392937719588
CUST_542,71,Tier2,19.33057852004624,72.8601117720419
CUST_543,30,Tier2,19.168714233947018,72.97646625946855
CUST_544,32,Verified,18.90070054025651,72.86115548187263
CUST_545,23,Pending,19.42063087235939,72.82368629056552
CUST_546,77,Tier2,19.298968631130226,72.9083686977544
CUST_547,21,Pending,18.73363017488446,72.97003979858636
CUST_548,41,Tier2,18.881390857847588,72.8932925657145
CUST_549,84,Verified,19.13009802361001,72.88440969544651
CUST_550,41,Verified,18.80369445372415,72.84059865819921
CUST_551,23,Verified,18.73020331806652,72.9498933954053
CUST_552,60,Verified,19.301851672676893,72.90066128601535
CUST_553,42,Pending,19.140736091792483,72.85761876475452
CUST_554,66,Verified,19.2818081065402,72.93895324732323
CUST_555,71,Tier2,19.09789781961034,72.86687170574197
CUST_556,34,Verified,18.501149774595973,72.85815489423456
CUST_557,67,Tier2,18.875893496709335,72.94665387236351
CUST_558,81,Pending,19.246893361443394,72.90490783625677
CUST_559,81,Verified,19.13395807621088,72.84536168817188
CUST_560,48,Tier2,19.376434931266036,72.97177589640654
CUST_561,47,Pending,19.099520103263153,72.82296996967294
CUST_562,18,Tier2,18.993328023922203,72.84656068700095
CUST_563,70,Pending,18.56470915745525,72.8415909918911
CUST_564,34,Tier2,19.255766067024943,72.96549896784394
CUST_565,36,Tier2,18.71115041694733,72.93872483397205
CUST_566,47,Tier2,19.251628042938385,72.95876639287734
CUST_567,83,Pending,18.755693276355437,72.99692340486159
CUST_568,27,Tier2,19.066466448212864,72.80656726276023
CUST_569,72,Tier2,18.966096510249347,72.94524634864479
CUST_570,58,Verified,18.740539523660857,72.81578088386344
CUST_571,71,Tier2,19.464409031605932,72.91811713315779
CUST_572,77,Pending,18.88934935103901,72.92323074971759
CUST_573,54,Pending,18.600941077923576,72.9928739971244
CUST_574,19,Verified,19.33660937685727,72.94023874520543
CUST_575,57,Pending,19.268249905365536,72.99251380188443
CUST_576,29,Tier2,18.91953635906907,72.9887820042218
CUST_577,78,Verified,18.911253296062856,72.81040039217164
CUST_578,73,Tier2,19.492251638005335,72.8026107826112
CUST_579,41,Verified,18.671179162683252,72.83796418728978
CUST_580,59,Tier2,18.95804445345904,72.93948847181252
CUST_581,26,Verified,19.462331544908867,72.84826316413064
CUST_582,54,Verified,19.146686095697955,72.9491952021227
CUST_583,59,Tier2,18.896384797112447,72.96514622756523
CUST_584,46,Pending,19.249603776427318,72.80178164402041
CUST_585,69,Pending,19.27814381197919,72.801511210972
CUST_586,61,Tier2,19.27083996914275,72.94993253776217
CUST_587,30,Pending,19.271864344420482,72.87523527245892
CUST_588,28,Pending,18.73459187959192,72.97988686621107
CUST_589,37,Pending,18.95995003963559,72.81675536105
CUST_590,76,Verified,18.788030510993575,72.85864518765996
CUST_591,63,Pending,19.221054103173998,72.975698583132
CUST_592,74,Tier2,18.859220790804518,72.88778460376523
CUST_593,40,Tier2,18.729611686745454,72.98431122558024
CUST_594,19,Tier2,18.700202973506382,72.97226337809829
CUST_595,72,Pending,18.786278012618915,72.92597213021124
CUST_596,23,Pending,18.631484197118258,72.91101153676058
CUST_597,38,Pending,19.427212994927636,72.9692608278034
CUST_598,54,Verified,19.34681585575255,72.99244231801488
CUST_599,61,Tier2,18.90941146375167,72.91935059378045
CUST_600,23,Tier2,18.889086323254364,72.8908623039451
CUST_601,49,Pending,19.470564581764165,72.94062408474672
CUST_602,60,Pending,18.738741602899957,72.94410494595674
CUST_603,80,Tier2,18.636426877277817,72.95254166746967
CUST_604,72,Pending,19.444335255274137,72.89873156193116
CUST_605,82,Pending,18.561731080888073,72.86118879086312
CUST_606,41,Verified,19.422920325603496,72.98863641685669
CUST_607,52,Pending,19.414766299352806,72.99887031262166
CUST_608,35,Tier2,18.811960357731152,72.81587879057626
CUST_609,34,Verified,19.414584240070266,72.84102555577499
CUST_610,22,Tier2,19.20624553929639,72.91012783019124
CUST_611,49,Tier2,18.78994356281646,72.85230044492356
CUST_612,79,Pending,18.96106551598101,72.82058253500706
CUST_613,39,Verified,18.939130463281153,72.98957979501493
CUST_614,18,Tier2,19.341301648339833,72.90992461808986
CUST_615,72,Verified,19.33419886823218,72.94001070423478
CUST_616,21,Verified,18.86836283565941,72.85483410371174
CUST_617,72,Tier2,18.573859171476407,72.82602641689326
CUST_618,81,Pending,19.1641268158364,72.98544323700911
CUST_619,26,Tier2,18.9001042269827,72.91805824051006
CUST_620,23,Verified,19.426523173075303,72.99219849242911
CUST_621,51,Pending,19.22142527764077,72.95206764633596
CUST_622,22,Tier2,18.95011616899434,72.89936802929952
CUST_623,83,Verified,19.273094766135475,72.8772106932485
CUST_624,19,Tier2,18.52936474473976,72.9737226918916
CUST_625,47,Tier2,19.185001257482483,72.91978859871125
CUST_626,69,Verified,19.420140317653345,72.99407100234912
CUST_627,53,Verified,18.984382174452964,72.95415185195637
CUST_628,20,Pending,19.00036921974709,72.9875453123515
CUST_629,62,Verified,19.36092784745676,72.92523471159377
CUST_630,40,Pending,19.43790658999154,72.97020032045742
CUST_631,62,Tier2,19.067921134253424,72.9472963148847
CUST_632,36,Verified,18.589611554944778,72.96417399683189
CUST_633,19,Tier2,18.789030198509845,72.85331064009443
CUST_634,26,Tier2,18.848499230013314,72.88812628425987
CUST_635,27,Pending,19.41707456437942,72.95501236459262
CUST_636,76,Verified,19.24409423070716,72.91366633418106
CUST_637,58,Verified,18.882999991542565,72.97349154791294
CUST_638,35,Pending,19.368158705193192,72.9845838624055
CUST_639,36,Pending,18.762463218470913,72.98246064701468
CUST_640,28,Tier2,19.36044156377494,72.9508580573091
CUST_641,31,Pending,19.428846804955626,72.89749858601863
CUST_642,81,Pending,18.859762878943613,72.88969323138564
CUST_643,41,Pending,18.723119334930065,72.94590459117454
CUST_644,56,Verified,18.747112545201333,72.91897961078443
CUST_645,57,Pending,18.849949864462182,72.83734772378436
CUST_646,68,Pending,18.959942084694063,72.94334743217513
CUST_647,61,Verified,19.169886397187085,72.8761595527191
CUST_648,34,Pending,18.97930926796188,72.85417411786761
CUST_649,27,Tier2,18.839106978414843,72.9418392085827
CUST_650,58,Pending,19.431703878833122,72.84434330371832
CUST_651,53,Pending,19.1217436105884,72.82601083754555
CUST_652,23,Tier2,19.347298872154983,72.82373516729187
CUST_653,37,Verified,19.253015196311473,72.92570571398956
CUST_654,49,Verified,19.42464965961456,72.87005259460686
CUST_655,65,Tier2,18.571078270662678,72.97093830282245
CUST_656,78,Verified,19.082706362490384,72.93240963314598
CUST_657,40,Tier2,19.381480660900248,72.81058006256112
CUST_658,29,Pending,19.06611988659162,72.99193889872691
CUST_659,30,Pending,19.487890864085664,72.82486192452822
CUST_660,82,Pending,18.59476474899283,72.9434308836918
CUST_661,22,Verified,18.916822553808554,72.89069393430964
CUST_662,54,Verified,18.547190711743823,72.80991915258717
CUST_663,59,Tier2,18.6764381787709,72.80882541047163
CUST_664,67,Tier2,18.81191159917689,72.99073394020603
CUST_665,43,Pending,19.4671213291025,72.91238937690078
CUST_666,58,Tier2,19.106369983703267,72.94491741108074
CUST_667,29,Pending,19.039892027807838,72.98829600444745
CUST_668,68,Tier2,19.26348222717148,72.99477685293662
CUST_669,76,Verified,18.6498851672371,72.92211398654895
CUST_670,82,Verified,18.59293700845473,72.8628528249717
CUST_671,79,Tier2,19.276148864872354,72.94268488921873
CUST_672,61,Tier2,19.37253455167463,72.97016690372706
CUST_673,57,Verified,18.893237003708595,72.97388847555011
CUST_674,18,Verified,19.333954790442682,72.85430551695912
CUST_675,52,Tier2,18.98130082473268,72.92136431115894
CUST_676,69,Verified,19.49781188806022,72.84921568568728
CUST_677,79,Verified,19.068179376510706,72.82636624033307
CUST_678,33,Verified,18.824743957361754,72.87432320591653
CUST_679,68,Pending,18.521771286276156,72.80395282470343
CUST_680,60,Pending,19.036125767746988,72.87166906781673
CUST_681,59,Verified,18.732778853369396,72.80294632329185
CUST_682,50,Tier2,18.60444881423261,72.93316013195779
CUST_683,66,Pending,18.983845681770376,72.81828947191708
CUST_684,48,Tier2,18.940348627945358,72.94359698169131
CUST_685,31,Verified,18.902477147702175,72.87575199701072
CUST_686,60,Tier2,18.6824436116804,72.88830849157398
CUST_687,21,Pending,19.396802513506067,72.97140587771032
CUST_688,48,Verified,18.554309369388022,72.86502368828316
CUST_689,40,Tier2,19.2572696007827,72.87774215686915
CUST_690,22,Tier2,18.6422463032963,72.92664160903844
CUST_691,83,Pending,18.986747201065803,72.94756505585906
CUST_692,76,Pending,19.492376036956898,72.81283935816184
CUST_693,82,Pending,18.812558772284035,72.91303347918723
CUST_694,44,Tier2,18.867066160759478,72.84367798324197
CUST_695,37,Verified,19.131085323091824,72.84124483388686
CUST_696,64,Verified,19.12779310559927,72.86033886518965
CUST_697,36,Tier2,19.385475239620668,72.8230339901143
CUST_698,41,Pending,19.211917320986224,72.82734048979485
CUST_699,44,Tier2,19.38403606697733,72.8085793109833
CUST_700,55,Pending,18.782008911911483,72.93691898087492
CUST_701,25,Pending,19.01783055194489,72.9140984667189
CUST_702,30,Verified,19.306335025994695,72.94076472719863
CUST_703,53,Verified,18.550462818162146,72.93299329922559
CUST_704,27,Verified,18.90695620717339,72.83100151253663
CUST_705,70,Pending,18.57931566651475,72.9651232378893
CUST_706,36,Pending,18.98233004848183,72.83674244824279
CUST_707,23,Tier2,19.486244092160476,72.83565822230378
CUST_708,63,Verified,18.87601111092103,72.84439086141883
CUST_709,51,Tier2,18.66578931312339,72.94855874381697
CUST_710,24,Tier2,19.17380032879975,72.96787699775201
CUST_711,30,Verified,18.585767366736864,72.99225260917844
CUST_712,78,Tier2,19.24485206393982,72.95207445617791
CUST_713,66,Verified,19.415034994712354,72.9009958782941
CUST_714,46,Verified,18.65066746907537,72.87431787560706
CUST_715,79,Tier2,18.95181887643686,72.83422793411765
CUST_716,70,Verified,18.576272392426304,72.88195726970405
CUST_717,63,Tier2,19.11932365809002,72.89373322535575
CUST_718,19,Pending,18.95220009127264,72.9594119658817
CUST_719,43,Pending,18.56493834430986,72.84749409043826
CUST_720,34,Verified,18.629456213283525,72.98938671917452
CUST_721,41,Tier2,18.810264815689813,72.8275355487746
CUST_722,48,Verified,18.509795040119837,72.81096339165487
CUST_723,25,Pending,19.081779863256383,72.93440125910867
CUST_724,57,Verified,18.78270145018504,72.93677126119638
CUST_725,42,Verified,19.241843666405547,72.89182572760768
CUST_726,56,Pending,19.33108236928976,72.93341298946028
CUST_727,84,Verified,19.40697195800717,72.89777744762677
CUST_728,29,Pending,18.743300149238873,72.8873982428077
CUST_729,69,Tier2,18.897065014770426,72.84735824160785
CUST_730,28,Verified,19.233680948576342,72.99469740319871
CUST_731,21,Verified,19.15965806299385,72.88274457187363
CUST_732,43,Tier2,18.83097830428993,72.9973117174029
CUST_733,41,Verified,19.04946078334095,72.85921096168842
CUST_734,46,Pending,19.08694022989104,72.99007194566636
CUST_735,31,Pending,19.40296995558868,72.90632804354904
CUST_736,52,Pending,19.14239646813042,72.8236224695605
CUST_737,68,Pending,18.93435187950084,72.92407237587649
CUST_738,44,Pending,19.054920528140578,72.99342786368446
CUST_739,51,Tier2,18.759649145635954,72.99388387628018
CUST_740,54,Verified,18.76359689738201,72.90808247063013
CUST_741,83,Verified,18.701114244522397,72.86321840491183
CUST_742,82,Verified,19.038087181912363,72.81920911561586
CUST_743,25,Verified,19.04069397145282,72.87782558170096
CUST_744,21,Verified,19.12735230617188,72.9076425902836
CUST_745,48,Pending,18.995047625852273,72.90449098878788
CUST_746,33,Pending,19.218211857290257,72.99162731119954
CUST_747,48,Verified,18.778441362762234,72.86213081720292
CUST_748,45,Tier2,18.757836346001927,72.92172103905021
CUST_749,70,Pending,18.63888056939078,72.96297762159153
CUST_750,74,Pending,19.49332586244064,72.89382095886326
CUST_751,37,Pending,18.624138225997374,72.8327966471969
CUST_752,64,Pending,18.604125810519506,72.96661884447245
CUST_753,66,Verified,18.67930962107727,72.85401241323542
CUST_754,49,Verified,19.049208787023684,72.94058300922987
CUST_755,56,Verified,18.51220380480375,72.85884984973389
CUST_756,26,Verified,19.31612833585815,72.8585168243107
CUST_757,31,Tier2,18.74874413596005,72.83296723516463
CUST_758,75,Pending,19.08580894931308,72.80013547196319
CUST_759,79,Pending,18.576661293184774,72.91145911880098
CUST_760,41,Verified,19.213092487530183,72.89379666182168
CUST_761,52,Pending,19.289648228099324,72.93913206927168
CUST_762,78,Tier2,18.88224484860934,72.87958673542803
CUST_763,49,Pending,18.821190891309165,72.93847400977106
CUST_764,30,Tier2,18.898578789238098,72.95503352494248
CUST_765,28,Tier2,18.67433424707609,72.99873588380557
CUST_766,83,Pending,18.56663344149433,72.85631579727725
CUST_767,81,Verified,19.263918092883227,72.90293515716088
CUST_768,28,Verified,18.671331243659377,72.81875730952837
CUST_769,61,Pending,18.91490424780261,72.88417965134764
CUST_770,30,Verified,18.573526117891348,72.99645268239564
CUST_771,72,Pending,18.551571790148657,72.91463947428402
CUST_772,71,Pending,19.026146854920366,72.90037692584345
CUST_773,82,Verified,18.66655157988685,72.84764707299263
CUST_774,53,Pending,19.028730681798056,72.80410189781547
CUST_775,45,Tier2,19.26090212112686,72.96787440968912
CUST_776,70,Verified,19.06895572843383,72.99020958287818
CUST_777,31,Tier2,19.032613133302775,72.96601563265442
CUST_778,34,Pending,19.31927646288091,72.97948880389077
CUST_779,80,Pending,18.729743852416057,72.8089672080325
CUST_780,54,Tier2,19.032427812509244,72.96917460378461
CUST_781,37,Tier2,18.55078070597061,72.99179109241156
CUST_782,73,Tier2,18.975309716586715,72.9236886728934
CUST_783,77,Verified,18.923468497467564,72.90968663935092
CUST_784,26,Tier2,18.73116320954552,72.88054126463958
CUST_785,58,Tier2,19.09191238553674,72.94838906625415
CUST_786,69,Verified,18.527179088949648,72.80523870620159
CUST_787,44,Verified,19.140463289212356,72.96001450775115
CUST_788,20,Verified,19.11568015144512,72.89939279978455
CUST_789,48,Tier2,19.21983023729404,72.80870723092838
CUST_790,22,Verified,19.066215733036334,72.80987499588079
CUST_791,22,Verified,18.849848589791186,72.86240673110265
CUST_792,80,Pending,19.342047291473964,72.919203934329
CUST_793,37,Verified,19.176878916087205,72.87150098664469
CUST_794,56,Tier2,19.483188143351892,72.99869762984744
CUST_795,63,Pending,18.57520170591792,72.9041755161348
CUST_796,33,Verified,19.43240395054929,72.80504086478204
CUST_797,50,Pending,18.984888566574455,72.82128484744553
CUST_798,24,Verified,18.9468894483431,72.90792913971661
CUST_799,28,Verified,18.81865594547089,72.98565832476159
CUST_800,79,Pending,18.84575976118174,72.83901938650565
CUST_801,71,Pending,19.293403963570217,72.96824650390279
CUST_802,47,Verified,18.791336744209108,72.92928534881132
CUST_803,77,Pending,18.551664428403335,72.94705801779935
CUST_804,75,Tier2,18.56478403288797,72.99031529088653
CUST_805,26,Pending,19.098279673359755,72.9790983562447
CUST_806,45,Verified,18.67572574434693,72.92209859534171
CUST_807,45,Verified,18.655224325110634,72.98455797486214
CUST_808,82,Pending,18.856179070743128,72.99895493265464
CUST_809,69,Pending,18.882033564212247,72.91321786315844
CUST_810,50,Pending,19.09707670825698,72.91750661431516
CUST_811,77,Verified,18.669898095807547,72.92775552945236
CUST_812,51,Verified,18.69753489310283,72.92453842140279
CUST_813,30,Tier2,19.468076763666822,72.99435499487122
CUST_814,34,Tier2,19.214728228721583,72.95831601965061
CUST_815,55,Pending,18.95849859463324,72.91761246197275
CUST_816,20,Verified,19.32085670161993,72.87612280097534
CUST_817,19,Verified,18.69004154963619,72.92098785406162
CUST_818,51,Verified,19.10477332440964,72.99073988528332
CUST_819,34,Tier2,19.197075558940053,72.81642985362063
CUST_820,47,Tier2,18.716819353394218,72.90012431097645
CUST_821,58,Pending,19.058223711163137,72.8912196502172
CUST_822,67,Verified,19.001142599650116,72.86440291625104
CUST_823,74,Pending,19.410750837027432,72.81279123096573
CUST_824,25,Tier2,19.147492702622106,72.96690945187959
CUST_825,19,Tier2,18.811275796411103,72.86243853669126
CUST_826,41,Pending,19.02901810677894,72.83359798364269
CUST_827,46,Pending,18.776813586450537,72.95770913904974
CUST_828,81,Pending,18.53550886965479,72.84018584802627
CUST_829,65,Pending,19.073095319263103,72.94023644061708
CUST_830,44,Verified,19.384039794909633,72.9658797177473
CUST_831,26,Pending,18.718536161233786,72.87209897736847
CUST_832,55,Pending,19.363006591701357,72.99380898531142
CUST_833,69,Pending,18.974275568434162,72.8441551806636
CUST_834,38,Verified,19.348357271557,72.99532378852759
CUST_835,82,Pending,19.15674072619773,72.89427216714164
CUST_836,63,Tier2,18.548657739445904,72.85664835350606
CUST_837,64,Pending,19.29600034470967,72.98348875715351
CUST_838,68,Verified,19.433822278105115,72.9594351040379
CUST_839,40,Pending,19.344244529829478,72.9348072894079
CUST_840,51,Verified,19.01436970694857,72.98655347980866
CUST_841,74,Tier2,19.148796253632028,72.83739885908129
CUST_842,38,Tier2,19.18047816429893,72.89856525498962
CUST_843,67,Tier2,19.34863201145221,72.9045962277493
CUST_844,43,Tier2,19.03964237936841,72.86594398999897
CUST_845,40,Tier2,18.763602837686,72.80816303358071
CUST_846,24,Tier2,18.63504313248687,72.91236047053323
CUST_847,46,Pending,18.6672801352491,72.87840375265776
CUST_848,48,Verified,19.285814663255685,72.92080488967771
CUST_849,24,Pending,18.655587205078344,72.90068478662546
CUST_850,34,Verified,18.833739652530646,72.922498311379
CUST_851,27,Tier2,18.97390831659273,72.96261626088943
CUST_852,24,Tier2,18.871038714653814,72.97377467416416
CUST_853,31,Tier2,18.81393932765954,72.9536640179829
CUST_854,71,Tier2,19.137552460850674,72.97824577731623
CUST_855,73,Pending,18.824509772722084,72.92747523779053
CUST_856,56,Tier2,18.758823917555382,72.95042328394858
CUST_857,44,Tier2,19.28614878324421,72.82678191270472
CUST_858,81,Verified,18.556470007542497,72.94880563001095
CUST_859,41,Tier2,19.252864234011334,72.87316971394712
CUST_860,57,Pending,18.606269468293817,72.88406046704102
CUST_861,46,Tier2,19.108549879782665,72.9748438191998
CUST_862,34,Tier2,18.518517349657486,72.88738576772197
CUST_863,36,Pending,18.78162525815039,72.84849897137697
CUST_864,56,Pending,18.936850302158522,72.86064963619661
CUST_865,80,Tier2,19.24819622453218,72.84211820630102
CUST_866,48,Tier2,18.673400046987716,72.91965758401786
CUST_867,27,Tier2,18.796025576365015,72.81715846678236
CUST_868,49,Tier2,18.673277223384797,72.8088690471488
CUST_869,27,Tier2,18.691316920880933,72.97574448131164
CUST_870,58,Verified,18.740513420286714,72.91744224781644
CUST_871,65,Verified,19.262215206538528,72.87745122463069
CUST_872,58,Pending,18.803991727953893,72.90642829236755
CUST_873,81,Pending,18.66585363082719,72.97477927426424
CUST_874,42,Verified,18.509999540480823,72.8156077110525
CUST_875,19,Pending,18.51538664962947,72.96123590624343
CUST_876,45,Verified,18.59550699302733,72.99023410427783
CUST_877,75,Verified,19.4836986784952,72.88114694951028
CUST_878,36,Pending,18.759871890815152,72.85822102025888
CUST_879,41,Pending,18.506426079339295,72.97931056059683
CUST_880,57,Pending,18.69547963633978,72.80019899534834
CUST_881,33,Pending,19.103130953802328,72.9903014305956
CUST_882,72,Verified,18.80262182596568,72.8143044084483
CUST_883,19,Tier2,19.196020581859397,72.90557166924164
CUST_884,29,Verified,19.322068886980254,72.8591256120328
CUST_885,21,Tier2,18.88642679646944,72.82425037253802
CUST_886,34,Tier2,19.087036272921015,72.97522729144696
CUST_887,19,Verified,19.319339046624833,72.80495589122899
CUST_888,72,Tier2,18.512862951584797,72.8811374122863
CUST_889,83,Verified,18.812397758661717,72.88986745284055
CUST_890,65,Verified,19.02793164576417,72.86704954753168
CUST_891,46,Verified,19.147167704028845,72.9652920402276
CUST_892,50,Pending,18.61915192217149,72.99461795194584
CUST_893,72,Pending,19.118859388057913,72.88683891323731
CUST_894,29,Tier2,18.88714321358665,72.94067650001848
CUST_895,54,Tier2,18.99681923578141,72.89038225696792
CUST_896,51,Pending,18.65085015797287,72.95779717462663
CUST_897,43,Pending,18.94687442803957,72.96224245115508
CUST_898,66,Verified,18.92782374794041,72.84783412460106
CUST_899,62,Verified,18.613343284612405,72.92678064154266
CUST_900,18,Verified,18.911362206700094,72.8611785511196
CUST_901,80,Pending,18.73721261799803,72.86419566118924
CUST_902,27,Verified,18.82319362739061,72.86624107522937
CUST_903,30,Pending,18.77622106140684,72.80891477019387
CUST_904,18,Pending,19.31420371823568,72.86174100527064
CUST_905,61,Verified,18.625582880714862,72.94489346210761
CUST_906,30,Pending,18.64643746666334,72.8972213779342
CUST_907,82,Verified,18.850312412924872,72.89365251059941
CUST_908,58,Verified,18.988381118097752,72.92131144355146
CUST_909,51,Tier2,19.47124735888115,72.90914287527474
CUST_910,34,Verified,18.79659875852346,72.83878946150305
CUST_911,37,Tier2,18.642627419954856,72.87616031034992
CUST_912,66,Tier2,19.369021953007234,72.94963936004561
CUST_913,31,Pending,18.53317072941848,72.96986421306511
CUST_914,69,Pending,18.961838169507757,72.8333839673069
CUST_915,23,Verified,18.68258114883122,72.80385861340346
CUST_916,68,Tier2,18.75198247152696,72.81789144403074
CUST_917,22,Verified,19.321609549908207,72.85705224230969
CUST_918,25,Pending,18.8148706988057,72.96882731047442
CUST_919,68,Tier2,19.11059163982353,72.9888412136972
CUST_920,67,Verified,18.68951355359927,72.8439858748051
CUST_921,78,Pending,19.033695105471335,72.89274496952635
CUST_922,76,Verified,19.08760961216248,72.95861213996278
CUST_923,36,Verified,18.9088694208067,72.91231688744557
CUST_924,71,Verified,19.27429844250593,72.83136836994454
CUST_925,58,Pending,18.953858338841822,72.9561505137413
CUST_926,46,Pending,19.35573684915057,72.88195694850006
CUST_927,58,Pending,19.176482575800076,72.95377301929412
CUST_928,61,Tier2,18.84317770997387,72.92076391102428
CUST_929,78,Pending,19.076266430713986,72.87062960022948
CUST_930,53,Tier2,19.25352294023937,72.98648642292058
CUST_931,66,Verified,19.456472429320566,72.80234969212691
CUST_932,66,Verified,18.895526755828353,72.99538569044506
CUST_933,28,Pending,18.991722270681397,72.86269261362568
CUST_934,65,Pending,18.68696208203886,72.98991327113227
CUST_935,58,Verified,19.14044803729083,72.95300364193545
CUST_936,20,Pending,19.055488597062247,72.96181076372947
CUST_937,45,Tier2,18.54056200057801,72.97358561389201
CUST_938,51,Pending,19.455899184707903,72.92689744467772
CUST_939,70,Verified,18.784281367679863,72.97000904070445
CUST_940,68,Verified,19.325394109147943,72.88801252508462
CUST_941,35,Verified,19.082495753695063,72.98275048503699
CUST_942,63,Tier2,19.07396724133756,72.90811761276868
CUST_943,65,Pending,19.277094849755667,72.94605122096583
CUST_944,62,Tier2,18.815844263259564,72.94954431187811
CUST_945,70,Pending,18.89875364253399,72.97430031345161
CUST_946,84,Verified,19.153997690190707,72.9210838223325
CUST_947,80,Tier2,18.599020872305175,72.9956759244739
CUST_948,34,Tier2,19.407831112417234,72.98060325027063
CUST_949,27,Verified,19.159225881672153,72.81048535636855
CUST_950,63,Pending,18.941766663631142,72.92591295748505
CUST_951,53,Verified,19.047267631654893,72.85117099541857
CUST_952,49,Pending,19.002914705058718,72.86343963774245
CUST_953,36,Pending,19.415788312384944,72.89210913937916
CUST_954,81,Tier2,18.873390048983968,72.92153962622582
CUST_955,82,Verified,18.729709516393896,72.84372950267448
CUST_956,71,Tier2,18.952800086610083,72.81674819588655
CUST_957,71,Pending,18.645288016624182,72.90416886184362
CUST_958,31,Pending,19.08429012814979,72.91838794134652
CUST_959,61,Verified,18.67823902636136,72.8212785427376
CUST_960,55,Pending,18.877574672657257,72.95215198110179
CUST_961,52,Tier2,19.141319160672435,72.92403495864228
CUST_962,29,Pending,18.836329834401962,72.80920735428859
CUST_963,76,Tier2,19.148592188173858,72.94924856529539
CUST_964,72,Tier2,19.07320658549724,72.9913373476353
CUST_965,65,Verified,18.726027416394494,72.98079267650978
CUST_966,39,Pending,19.081199989965754,72.83273773771893
CUST_967,61,Verified,19.247380418014494,72.81593180504828
CUST_968,33,Pending,19.03025656924682,72.82016144710877
CUST_969,34,Tier2,19.27294925551753,72.92070684828691
CUST_970,73,Pending,19.132077009321097,72.98068875301189
CUST_971,40,Tier2,18.82615066703245,72.91113663481333
CUST_972,27,Verified,18.69058457015932,72.9503946801152
CUST_973,34,Pending,19.465400760483064,72.9739495449127
CUST_974,62,Pending,19.018471196602295,72.98638988872844
CUST_975,72,Verified,18.948056061838948,72.8175047358357
CUST_976,52,Pending,18.997463047722583,72.95920108182462
CUST_977,80,Verified,18.534429475989672,72.89188130154962
CUST_978,27,Verified,19.19088335027409,72.86973273838917
CUST_979,19,Verified,19.36872242616096,72.88349437228126
CUST_980,71,Tier2,19.154866897036083,72.99503079055943
CUST_981,67,Pending,19.055010029667187,72.90651328128007
CUST_982,82,Verified,19.329269496561235,72.8659818740356
CUST_983,44,Tier2,19.462793925680586,72.80689808903628
CUST_984,38,Verified,19.17133819039597,72.81763235336021
CUST_985,37,Tier2,19.43170441790454,72.95999949766798
CUST_986,18,Pending,19.484958465802304,72.94910455150455
CUST_987,31,Pending,19.351490292204648,72.98510541295197
CUST_988,37,Tier2,18.69786285851504,72.95318973915937
CUST_989,26,Tier2,18.9482461885247,72.82029974178654
CUST_990,27,Verified,19.396048274337105,72.86025272759508
CUST_991,84,Pending,18.512207331341042,72.8196576641835
CUST_992,70,Pending,19.385371824603425,72.86978258457465
CUST_993,45,Pending,19.068251509886693,72.97700662937824
CUST_994,80,Verified,19.38314241878197,72.95930838669308
CUST_995,19,Tier2,18.536233730763,72.85827429886581
CUST_996,34,Verified,19.446835716804618,72.95759545263472
CUST_997,52,Tier2,18.84561237903158,72.82864735904623
CUST_998,23,Tier2,19.487297402938413,72.84341290257935
CUST_999,45,Tier2,19.08006518073544,72.8337192181632
